provenance_label,phase,scenario,seed,cell_id,input,contract,contract_id,commanded_channels,probe_label,probe_description,probe_shape,channel_signs,measured_axis,window,threshold,peak,peak_mean,peak_std,peak_min,peak_max,rho_mean,rho_std,rho_min,rho_max,rho_mean_plus_2rho_std,rho_mean_minus_2rho_std,robust_label,theta_hash,theta_path,repeats,query_ids,timeout_retry_count,max_abs_theta,support_size_abs_gt_0p1,active_channels_abs_gt_0p1
exploratory-hypothesis,Phase-0,px4_position,0,G01,I1,C1 Brake,C1,roll,zero_anchor,all-neutral zero anchor,zero,neutral,xy_velocity,"[11,13]",1.0,0.020580078473552903,0.020580078473552903,0.009987386117286185,0.01116486435714052,0.035127848047688245,0.979419921526447,0.009987386117286183,0.9648721519523118,0.9888351356428595,0.9993946937610193,0.9594451492918746,robust_safe,7b6436b0c98f6238,artifacts/contract_grid_summary/thetas/G01_zero_anchor_7b6436b0c98f6238.npy,5,7b6436b0c98f6238_px4_position_0_contract_grid_G01_zero_anchor_repeat0;7b6436b0c98f6238_px4_position_0_contract_grid_G01_zero_anchor_repeat1;7b6436b0c98f6238_px4_position_0_contract_grid_G01_zero_anchor_repeat2;7b6436b0c98f6238_px4_position_0_contract_grid_G01_zero_anchor_repeat3;7b6436b0c98f6238_px4_position_0_contract_grid_G01_zero_anchor_repeat4,0,0.0,0,
exploratory-hypothesis,Phase-0,px4_position,0,G01,I1,C1 Brake,C1,roll,roll_plus_full,"saturated plus roll; active [0,5] then neutral tail",I1,roll:+,xy_velocity,"[11,13]",1.0,0.31455019428362063,0.31455019428362063,0.019680179374034573,0.28674671863967244,0.3411076453477646,0.6854498057163795,0.019680179374034597,0.6588923546522354,0.7132532813603276,0.7248101644644487,0.6460894469683103,robust_safe,b96ead7c8720e928,artifacts/contract_grid_summary/thetas/G01_roll_plus_full_b96ead7c8720e928.npy,5,b96ead7c8720e928_px4_position_0_contract_grid_G01_roll_plus_full_repeat0;b96ead7c8720e928_px4_position_0_contract_grid_G01_roll_plus_full_repeat1;b96ead7c8720e928_px4_position_0_contract_grid_G01_roll_plus_full_repeat2;b96ead7c8720e928_px4_position_0_contract_grid_G01_roll_plus_full_repeat3;b96ead7c8720e928_px4_position_0_contract_grid_G01_roll_plus_full_repeat4,0,1.0,10,roll
exploratory-hypothesis,Phase-0,px4_position,0,G01,I1,C1 Brake,C1,roll,roll_minus_full,"saturated minus roll; active [0,5] then neutral tail",I1,roll:-,xy_velocity,"[11,13]",1.0,0.299324594175727,0.299324594175727,0.01959622451562942,0.2837914711838677,0.3259727909876971,0.700675405824273,0.0195962245156294,0.674027209012303,0.7162085288161323,0.7398678548555319,0.6614829567930142,robust_safe,efc822e18fc44e8c,artifacts/contract_grid_summary/thetas/G01_roll_minus_full_efc822e18fc44e8c.npy,5,efc822e18fc44e8c_px4_position_0_contract_grid_G01_roll_minus_full_repeat0;efc822e18fc44e8c_px4_position_0_contract_grid_G01_roll_minus_full_repeat1;efc822e18fc44e8c_px4_position_0_contract_grid_G01_roll_minus_full_repeat2;efc822e18fc44e8c_px4_position_0_contract_grid_G01_roll_minus_full_repeat3;efc822e18fc44e8c_px4_position_0_contract_grid_G01_roll_minus_full_repeat4,0,1.0,10,roll
exploratory-hypothesis,Phase-0,px4_position,0,G02,I1,C1 Brake,C1,pitch,zero_anchor,all-neutral zero anchor,zero,neutral,xy_velocity,"[11,13]",1.0,0.02465048518283782,0.02465048518283782,0.01007072457966148,0.01575262185346177,0.0367165021646549,0.9753495148171621,0.010070724579661492,0.9632834978353451,0.9842473781465382,0.9954909639764852,0.9552080656578391,robust_safe,7b6436b0c98f6238,artifacts/contract_grid_summary/thetas/G02_zero_anchor_7b6436b0c98f6238.npy,5,7b6436b0c98f6238_px4_position_0_contract_grid_G02_zero_anchor_repeat0;7b6436b0c98f6238_px4_position_0_contract_grid_G02_zero_anchor_repeat1;7b6436b0c98f6238_px4_position_0_contract_grid_G02_zero_anchor_repeat2;7b6436b0c98f6238_px4_position_0_contract_grid_G02_zero_anchor_repeat3;7b6436b0c98f6238_px4_position_0_contract_grid_G02_zero_anchor_repeat4,0,0.0,0,
exploratory-hypothesis,Phase-0,px4_position,0,G02,I1,C1 Brake,C1,pitch,pitch_plus_full,"saturated plus pitch; active [0,5] then neutral tail",I1,pitch:+,xy_velocity,"[11,13]",1.0,0.3086011737187642,0.3086011737187642,0.025606073649626537,0.274698429887366,0.3428500713956289,0.6913988262812358,0.025606073649626502,0.6571499286043712,0.725301570112634,0.7426109735804889,0.6401866789819828,robust_safe,a08edfccf9989958,artifacts/contract_grid_summary/thetas/G02_pitch_plus_full_a08edfccf9989958.npy,5,a08edfccf9989958_px4_position_0_contract_grid_G02_pitch_plus_full_repeat0;a08edfccf9989958_px4_position_0_contract_grid_G02_pitch_plus_full_repeat1;a08edfccf9989958_px4_position_0_contract_grid_G02_pitch_plus_full_repeat2;a08edfccf9989958_px4_position_0_contract_grid_G02_pitch_plus_full_repeat3;a08edfccf9989958_px4_position_0_contract_grid_G02_pitch_plus_full_repeat4,0,1.0,10,pitch
exploratory-hypothesis,Phase-0,px4_position,0,G02,I1,C1 Brake,C1,pitch,pitch_minus_full,"saturated minus pitch; active [0,5] then neutral tail",I1,pitch:-,xy_velocity,"[11,13]",1.0,0.30453879914286597,0.30453879914286597,0.011637766849395124,0.2903486093780806,0.31862540536548595,0.695461200857134,0.011637766849395128,0.681374594634514,0.7096513906219194,0.7187367345559242,0.6721856671583438,robust_safe,e89a4b6a2371829e,artifacts/contract_grid_summary/thetas/G02_pitch_minus_full_e89a4b6a2371829e.npy,5,e89a4b6a2371829e_px4_position_0_contract_grid_G02_pitch_minus_full_repeat0;e89a4b6a2371829e_px4_position_0_contract_grid_G02_pitch_minus_full_repeat1;e89a4b6a2371829e_px4_position_0_contract_grid_G02_pitch_minus_full_repeat2;e89a4b6a2371829e_px4_position_0_contract_grid_G02_pitch_minus_full_repeat3;e89a4b6a2371829e_px4_position_0_contract_grid_G02_pitch_minus_full_repeat4,0,1.0,10,pitch
exploratory-hypothesis,Phase-0,px4_position,0,G03,I1,C1 Brake,C1,throttle,zero_anchor,all-neutral zero anchor,zero,neutral,climb_rate,"[11,13]",0.30000000000000004,0.00823270091786974,0.00823270091786974,0.0020748018034014775,0.0055043664760887,0.0104452241212129,0.29176729908213034,0.0020748018034014745,0.28955477587878714,0.29449563352391134,0.2959169026889333,0.2876176954753274,robust_safe,7b6436b0c98f6238,artifacts/contract_grid_summary/thetas/G03_zero_anchor_7b6436b0c98f6238.npy,5,7b6436b0c98f6238_px4_position_0_contract_grid_G03_zero_anchor_repeat0;7b6436b0c98f6238_px4_position_0_contract_grid_G03_zero_anchor_repeat1;7b6436b0c98f6238_px4_position_0_contract_grid_G03_zero_anchor_repeat2;7b6436b0c98f6238_px4_position_0_contract_grid_G03_zero_anchor_repeat3;7b6436b0c98f6238_px4_position_0_contract_grid_G03_zero_anchor_repeat4,0,0.0,0,
exploratory-hypothesis,Phase-0,px4_position,0,G03,I1,C1 Brake,C1,throttle,throttle_plus_full,"saturated plus throttle; active [0,5] then neutral tail",I1,throttle:+,climb_rate,"[11,13]",0.30000000000000004,0.025284353829920243,0.025284353829920243,0.0069383670014495505,0.0138259762898087,0.0321990475058555,0.2747156461700798,0.006938367001449552,0.26780095249414454,0.28617402371019135,0.28859238017297895,0.2608389121671807,robust_safe,04f3db5143fee943,artifacts/contract_grid_summary/thetas/G03_throttle_plus_full_04f3db5143fee943.npy,5,04f3db5143fee943_px4_position_0_contract_grid_G03_throttle_plus_full_repeat0;04f3db5143fee943_px4_position_0_contract_grid_G03_throttle_plus_full_repeat1;04f3db5143fee943_px4_position_0_contract_grid_G03_throttle_plus_full_repeat2;04f3db5143fee943_px4_position_0_contract_grid_G03_throttle_plus_full_repeat3;04f3db5143fee943_px4_position_0_contract_grid_G03_throttle_plus_full_repeat4,0,1.0,10,throttle
exploratory-hypothesis,Phase-0,px4_position,0,G03,I1,C1 Brake,C1,throttle,throttle_minus_full,"saturated minus throttle; active [0,5] then neutral tail",I1,throttle:-,climb_rate,"[11,13]",0.30000000000000004,0.010011060815304462,0.010011060815304462,0.004001131810240694,0.0048531438224017,0.01556580606848,0.28998893918469554,0.0040011318102406955,0.28443419393152003,0.29514685617759834,0.29799120280517694,0.28198667556421414,robust_safe,374ef6ac39cdc091,artifacts/contract_grid_summary/thetas/G03_throttle_minus_full_374ef6ac39cdc091.npy,5,374ef6ac39cdc091_px4_position_0_contract_grid_G03_throttle_minus_full_repeat0;374ef6ac39cdc091_px4_position_0_contract_grid_G03_throttle_minus_full_repeat1;374ef6ac39cdc091_px4_position_0_contract_grid_G03_throttle_minus_full_repeat2;374ef6ac39cdc091_px4_position_0_contract_grid_G03_throttle_minus_full_repeat3;374ef6ac39cdc091_px4_position_0_contract_grid_G03_throttle_minus_full_repeat4,0,1.0,10,throttle
exploratory-hypothesis,Phase-0,px4_position,0,G04,I1,C1 Brake,C1,yaw,zero_anchor,all-neutral zero anchor,zero,neutral,yaw_rate,"[11,13]",0.26179938779914946,0.014941750094294498,0.014941750094294498,0.001496469038405563,0.0130078746005892,0.0164517946541309,0.24685763770485494,0.0014964690384055676,0.24534759314501856,0.24879151319856027,0.24985057578166608,0.2438646996280438,robust_safe,7b6436b0c98f6238,artifacts/contract_grid_summary/thetas/G04_zero_anchor_7b6436b0c98f6238.npy,5,7b6436b0c98f6238_px4_position_0_contract_grid_G04_zero_anchor_repeat0;7b6436b0c98f6238_px4_position_0_contract_grid_G04_zero_anchor_repeat1;7b6436b0c98f6238_px4_position_0_contract_grid_G04_zero_anchor_repeat2;7b6436b0c98f6238_px4_position_0_contract_grid_G04_zero_anchor_repeat3;7b6436b0c98f6238_px4_position_0_contract_grid_G04_zero_anchor_repeat4,0,0.0,0,
exploratory-hypothesis,Phase-0,px4_position,0,G04,I1,C1 Brake,C1,yaw,yaw_plus_full,"saturated plus yaw; active [0,5] then neutral tail",I1,yaw:+,yaw_rate,"[11,13]",0.26179938779914946,0.017693210951983878,0.017693210951983878,0.0037430859410373415,0.0130304303020238,0.0218588542193174,0.24410617684716557,0.003743085941037344,0.23994053357983205,0.24876895749712566,0.25159234872924024,0.2366200049650909,robust_safe,2179b4bc58a97941,artifacts/contract_grid_summary/thetas/G04_yaw_plus_full_2179b4bc58a97941.npy,5,2179b4bc58a97941_px4_position_0_contract_grid_G04_yaw_plus_full_repeat0;2179b4bc58a97941_px4_position_0_contract_grid_G04_yaw_plus_full_repeat1;2179b4bc58a97941_px4_position_0_contract_grid_G04_yaw_plus_full_repeat2;2179b4bc58a97941_px4_position_0_contract_grid_G04_yaw_plus_full_repeat3;2179b4bc58a97941_px4_position_0_contract_grid_G04_yaw_plus_full_repeat4,0,1.0,10,yaw
exploratory-hypothesis,Phase-0,px4_position,0,G04,I1,C1 Brake,C1,yaw,yaw_minus_full,"saturated minus yaw; active [0,5] then neutral tail",I1,yaw:-,yaw_rate,"[11,13]",0.26179938779914946,0.020103735104203165,0.020103735104203165,0.0029662283516357028,0.0176061447709798,0.0249524004757404,0.2416956526949463,0.002966228351635707,0.23684698732340906,0.24419324302816967,0.24762810939821772,0.2357631959916749,robust_safe,77d98d619068d70e,artifacts/contract_grid_summary/thetas/G04_yaw_minus_full_77d98d619068d70e.npy,5,77d98d619068d70e_px4_position_0_contract_grid_G04_yaw_minus_full_repeat0;77d98d619068d70e_px4_position_0_contract_grid_G04_yaw_minus_full_repeat1;77d98d619068d70e_px4_position_0_contract_grid_G04_yaw_minus_full_repeat2;77d98d619068d70e_px4_position_0_contract_grid_G04_yaw_minus_full_repeat3;77d98d619068d70e_px4_position_0_contract_grid_G04_yaw_minus_full_repeat4,0,1.0,10,yaw
exploratory-hypothesis,Phase-0,px4_position,0,G05,I1,C2 Level,C2,roll,zero_anchor,all-neutral zero anchor,zero,neutral,tilt,"[11,13]",0.061086523819801536,0.0041033171777427446,0.0041033171777427446,0.0017908118855169501,0.002277963223148954,0.006514706136419602,0.05698320664205879,0.0017908118855169501,0.054571817683381936,0.058808560596652584,0.06056483041309269,0.05340158287102489,robust_safe,7b6436b0c98f6238,artifacts/contract_grid_summary/thetas/G05_zero_anchor_7b6436b0c98f6238.npy,5,7b6436b0c98f6238_px4_position_0_contract_grid_G05_zero_anchor_repeat0;7b6436b0c98f6238_px4_position_0_contract_grid_G05_zero_anchor_repeat1;7b6436b0c98f6238_px4_position_0_contract_grid_G05_zero_anchor_repeat2;7b6436b0c98f6238_px4_position_0_contract_grid_G05_zero_anchor_repeat3;7b6436b0c98f6238_px4_position_0_contract_grid_G05_zero_anchor_repeat4,0,0.0,0,
exploratory-hypothesis,Phase-0,px4_position,0,G05,I1,C2 Level,C2,roll,roll_plus_full,"saturated plus roll; active [0,5] then neutral tail",I1,roll:+,tilt,"[11,13]",0.061086523819801536,0.057287058209266196,0.057287058209266196,0.003884732891440405,0.05152186871761659,0.06113656269277322,0.0037994656105353464,0.003884732891440405,-5.00388729716833e-05,0.009564655102184946,0.011568931393416157,-0.003970000172345464,noise_band,b96ead7c8720e928,artifacts/contract_grid_summary/thetas/G05_roll_plus_full_b96ead7c8720e928.npy,5,b96ead7c8720e928_px4_position_0_contract_grid_G05_roll_plus_full_repeat0;b96ead7c8720e928_px4_position_0_contract_grid_G05_roll_plus_full_repeat1;b96ead7c8720e928_px4_position_0_contract_grid_G05_roll_plus_full_repeat2;b96ead7c8720e928_px4_position_0_contract_grid_G05_roll_plus_full_repeat3;b96ead7c8720e928_px4_position_0_contract_grid_G05_roll_plus_full_repeat4,0,1.0,10,roll
exploratory-hypothesis,Phase-0,px4_position,0,G05,I1,C2 Level,C2,roll,roll_minus_full,"saturated minus roll; active [0,5] then neutral tail",I1,roll:-,tilt,"[11,13]",0.061086523819801536,0.06050448801871407,0.06050448801871407,0.0028599874140597184,0.05620118653059785,0.06417274379647876,0.0005820358010874743,0.002859987414059719,-0.0030862199766772264,0.004885337289203685,0.006302010629206912,-0.005137939027031964,noise_band,efc822e18fc44e8c,artifacts/contract_grid_summary/thetas/G05_roll_minus_full_efc822e18fc44e8c.npy,5,efc822e18fc44e8c_px4_position_0_contract_grid_G05_roll_minus_full_repeat0;efc822e18fc44e8c_px4_position_0_contract_grid_G05_roll_minus_full_repeat1;efc822e18fc44e8c_px4_position_0_contract_grid_G05_roll_minus_full_repeat2;efc822e18fc44e8c_px4_position_0_contract_grid_G05_roll_minus_full_repeat3;efc822e18fc44e8c_px4_position_0_contract_grid_G05_roll_minus_full_repeat4,0,1.0,10,roll
exploratory-hypothesis,Phase-0,px4_position,0,G06,I1,C2 Level,C2,pitch,zero_anchor,all-neutral zero anchor,zero,neutral,tilt,"[11,13]",0.061086523819801536,0.0024125728767934217,0.0024125728767934217,0.0009141014252113634,0.0015338482179540322,0.0037102837351741,0.05867395094300811,0.0009141014252113622,0.05737624008462744,0.0595526756018475,0.06050215379343084,0.056845748092585385,robust_safe,7b6436b0c98f6238,artifacts/contract_grid_summary/thetas/G06_zero_anchor_7b6436b0c98f6238.npy,5,7b6436b0c98f6238_px4_position_0_contract_grid_G06_zero_anchor_repeat0;7b6436b0c98f6238_px4_position_0_contract_grid_G06_zero_anchor_repeat1;7b6436b0c98f6238_px4_position_0_contract_grid_G06_zero_anchor_repeat2;7b6436b0c98f6238_px4_position_0_contract_grid_G06_zero_anchor_repeat3;7b6436b0c98f6238_px4_position_0_contract_grid_G06_zero_anchor_repeat4,0,0.0,0,
exploratory-hypothesis,Phase-0,px4_position,0,G06,I1,C2 Level,C2,pitch,pitch_plus_full,"saturated plus pitch; active [0,5] then neutral tail",I1,pitch:+,tilt,"[11,13]",0.061086523819801536,0.055765439608551536,0.055765439608551536,0.0031307355887652067,0.05049176497748314,0.058155292941500104,0.00532108421125,0.0031307355887652067,0.0029312308783014315,0.010594758842318398,0.011582555388780414,-0.000940386966280413,noise_band,a08edfccf9989958,artifacts/contract_grid_summary/thetas/G06_pitch_plus_full_a08edfccf9989958.npy,5,a08edfccf9989958_px4_position_0_contract_grid_G06_pitch_plus_full_repeat0;a08edfccf9989958_px4_position_0_contract_grid_G06_pitch_plus_full_repeat1;a08edfccf9989958_px4_position_0_contract_grid_G06_pitch_plus_full_repeat2;a08edfccf9989958_px4_position_0_contract_grid_G06_pitch_plus_full_repeat3;a08edfccf9989958_px4_position_0_contract_grid_G06_pitch_plus_full_repeat4,0,1.0,10,pitch
exploratory-hypothesis,Phase-0,px4_position,0,G06,I1,C2 Level,C2,pitch,pitch_minus_full,"saturated minus pitch; active [0,5] then neutral tail",I1,pitch:-,tilt,"[11,13]",0.061086523819801536,0.05957577022150669,0.05957577022150669,0.005551963249184103,0.05384234259265831,0.06551261189882879,0.001510753598294852,0.005551963249184103,-0.004426088079027252,0.007244181227143223,0.012614680096663057,-0.009593172900073355,noise_band,e89a4b6a2371829e,artifacts/contract_grid_summary/thetas/G06_pitch_minus_full_e89a4b6a2371829e.npy,5,e89a4b6a2371829e_px4_position_0_contract_grid_G06_pitch_minus_full_repeat0;e89a4b6a2371829e_px4_position_0_contract_grid_G06_pitch_minus_full_repeat1;e89a4b6a2371829e_px4_position_0_contract_grid_G06_pitch_minus_full_repeat2;e89a4b6a2371829e_px4_position_0_contract_grid_G06_pitch_minus_full_repeat3;e89a4b6a2371829e_px4_position_0_contract_grid_G06_pitch_minus_full_repeat4,0,1.0,10,pitch
exploratory-hypothesis,Phase-0,px4_position,0,G07,I2,C3 Envelope,C3,roll,zero_anchor,all-neutral zero anchor,zero,neutral,v_xy,"[2,5]",12.0,0.02587588755208492,0.02587588755208492,0.010198837199591313,0.013768001791302375,0.04027322195400957,11.974124112447914,0.01019883719959153,11.95972677804599,11.986231998208698,11.994521786847097,11.953726438048731,robust_safe,7b6436b0c98f6238,artifacts/contract_grid_summary/thetas/G07_zero_anchor_7b6436b0c98f6238.npy,5,7b6436b0c98f6238_px4_position_0_contract_grid_G07_zero_anchor_repeat0;7b6436b0c98f6238_px4_position_0_contract_grid_G07_zero_anchor_repeat1;7b6436b0c98f6238_px4_position_0_contract_grid_G07_zero_anchor_repeat2;7b6436b0c98f6238_px4_position_0_contract_grid_G07_zero_anchor_repeat3;7b6436b0c98f6238_px4_position_0_contract_grid_G07_zero_anchor_repeat4,0,0.0,0,
exploratory-hypothesis,Phase-0,px4_position,0,G07,I2,C3 Envelope,C3,roll,zero_anchor,all-neutral zero anchor,zero,neutral,tilt,"[2,5]",0.6108652381980153,0.00421349541301199,0.00421349541301199,0.0021980401458855567,0.001979753938158992,0.007811742732242333,0.6066517427850033,0.0021980401458855854,0.6030534954657729,0.6088854842598563,0.6110478230767745,0.6022556624932321,robust_safe,7b6436b0c98f6238,artifacts/contract_grid_summary/thetas/G07_zero_anchor_7b6436b0c98f6238.npy,5,7b6436b0c98f6238_px4_position_0_contract_grid_G07_zero_anchor_repeat0;7b6436b0c98f6238_px4_position_0_contract_grid_G07_zero_anchor_repeat1;7b6436b0c98f6238_px4_position_0_contract_grid_G07_zero_anchor_repeat2;7b6436b0c98f6238_px4_position_0_contract_grid_G07_zero_anchor_repeat3;7b6436b0c98f6238_px4_position_0_contract_grid_G07_zero_anchor_repeat4,0,0.0,0,
exploratory-hypothesis,Phase-0,px4_position,0,G07,I2,C3 Envelope,C3,roll,roll_plus_full,"saturated plus roll; active [0,5] then neutral tail",I2_step_hold,roll:+,v_xy,"[2,5]",12.0,6.516198649161794,6.516198649161794,0.32386514455502446,6.040501558018531,6.897767241277375,5.483801350838205,0.32386514455502446,5.102232758722625,5.959498441981469,6.131531639948254,4.836071061728156,robust_safe,b96ead7c8720e928,artifacts/contract_grid_summary/thetas/G07_roll_plus_full_b96ead7c8720e928.npy,5,b96ead7c8720e928_px4_position_0_contract_grid_G07_roll_plus_full_repeat0;b96ead7c8720e928_px4_position_0_contract_grid_G07_roll_plus_full_repeat1;b96ead7c8720e928_px4_position_0_contract_grid_G07_roll_plus_full_repeat2;b96ead7c8720e928_px4_position_0_contract_grid_G07_roll_plus_full_repeat3;b96ead7c8720e928_px4_position_0_contract_grid_G07_roll_plus_full_repeat4,0,1.0,10,roll
exploratory-hypothesis,Phase-0,px4_position,0,G07,I2,C3 Envelope,C3,roll,roll_plus_full,"saturated plus roll; active [0,5] then neutral tail",I2_step_hold,roll:+,tilt,"[2,5]",0.6108652381980153,0.4296126198787052,0.4296126198787052,0.0013214267615491299,0.42756715567535464,0.4312524963708913,0.1812526183193101,0.0013214267615491299,0.179612741827124,0.18329808252266067,0.18389547184240837,0.17860976479621185,robust_safe,b96ead7c8720e928,artifacts/contract_grid_summary/thetas/G07_roll_plus_full_b96ead7c8720e928.npy,5,b96ead7c8720e928_px4_position_0_contract_grid_G07_roll_plus_full_repeat0;b96ead7c8720e928_px4_position_0_contract_grid_G07_roll_plus_full_repeat1;b96ead7c8720e928_px4_position_0_contract_grid_G07_roll_plus_full_repeat2;b96ead7c8720e928_px4_position_0_contract_grid_G07_roll_plus_full_repeat3;b96ead7c8720e928_px4_position_0_contract_grid_G07_roll_plus_full_repeat4,0,1.0,10,roll
exploratory-hypothesis,Phase-0,px4_position,0,G07,I2,C3 Envelope,C3,roll,roll_minus_full,"saturated minus roll; active [0,5] then neutral tail",I2_step_hold,roll:-,v_xy,"[2,5]",12.0,6.7183591351396315,6.7183591351396315,0.1927192068384705,6.487487412081433,6.955531320060392,5.281640864860369,0.1927192068384705,5.044468679939608,5.512512587918567,5.667079278537311,4.896202451183428,robust_safe,efc822e18fc44e8c,artifacts/contract_grid_summary/thetas/G07_roll_minus_full_efc822e18fc44e8c.npy,5,efc822e18fc44e8c_px4_position_0_contract_grid_G07_roll_minus_full_repeat0;efc822e18fc44e8c_px4_position_0_contract_grid_G07_roll_minus_full_repeat1;efc822e18fc44e8c_px4_position_0_contract_grid_G07_roll_minus_full_repeat2;efc822e18fc44e8c_px4_position_0_contract_grid_G07_roll_minus_full_repeat3;efc822e18fc44e8c_px4_position_0_contract_grid_G07_roll_minus_full_repeat4,0,1.0,10,roll
exploratory-hypothesis,Phase-0,px4_position,0,G07,I2,C3 Envelope,C3,roll,roll_minus_full,"saturated minus roll; active [0,5] then neutral tail",I2_step_hold,roll:-,tilt,"[2,5]",0.6108652381980153,0.4298438372665096,0.4298438372665096,0.0024363264693434326,0.42744710273722575,0.4333586299794733,0.18102140093150568,0.0024363264693434326,0.17750660821854203,0.18341813546078956,0.18589405387019253,0.17614874799281882,robust_safe,efc822e18fc44e8c,artifacts/contract_grid_summary/thetas/G07_roll_minus_full_efc822e18fc44e8c.npy,5,efc822e18fc44e8c_px4_position_0_contract_grid_G07_roll_minus_full_repeat0;efc822e18fc44e8c_px4_position_0_contract_grid_G07_roll_minus_full_repeat1;efc822e18fc44e8c_px4_position_0_contract_grid_G07_roll_minus_full_repeat2;efc822e18fc44e8c_px4_position_0_contract_grid_G07_roll_minus_full_repeat3;efc822e18fc44e8c_px4_position_0_contract_grid_G07_roll_minus_full_repeat4,0,1.0,10,roll
exploratory-hypothesis,Phase-0,px4_position,0,G08,I2,C3 Envelope,C3,pitch,zero_anchor,all-neutral zero anchor,zero,neutral,v_xy,"[2,5]",12.0,0.03033974796737531,0.03033974796737531,0.011633531520077478,0.013262910652349443,0.04041411187647325,11.969660252032623,0.01163353152007747,11.959585888123527,11.98673708934765,11.992927315072778,11.946393188992468,robust_safe,7b6436b0c98f6238,artifacts/contract_grid_summary/thetas/G08_zero_anchor_7b6436b0c98f6238.npy,5,7b6436b0c98f6238_px4_position_0_contract_grid_G08_zero_anchor_repeat0;7b6436b0c98f6238_px4_position_0_contract_grid_G08_zero_anchor_repeat1;7b6436b0c98f6238_px4_position_0_contract_grid_G08_zero_anchor_repeat2;7b6436b0c98f6238_px4_position_0_contract_grid_G08_zero_anchor_repeat3;7b6436b0c98f6238_px4_position_0_contract_grid_G08_zero_anchor_repeat4,0,0.0,0,
exploratory-hypothesis,Phase-0,px4_position,0,G08,I2,C3 Envelope,C3,pitch,zero_anchor,all-neutral zero anchor,zero,neutral,tilt,"[2,5]",0.6108652381980153,0.004972921424332753,0.004972921424332753,0.0013814329585129352,0.0034326446523835724,0.006469298349198698,0.6058923167736825,0.0013814329585129404,0.6043959398488166,0.6074325935456317,0.6086551826907084,0.6031294508566566,robust_safe,7b6436b0c98f6238,artifacts/contract_grid_summary/thetas/G08_zero_anchor_7b6436b0c98f6238.npy,5,7b6436b0c98f6238_px4_position_0_contract_grid_G08_zero_anchor_repeat0;7b6436b0c98f6238_px4_position_0_contract_grid_G08_zero_anchor_repeat1;7b6436b0c98f6238_px4_position_0_contract_grid_G08_zero_anchor_repeat2;7b6436b0c98f6238_px4_position_0_contract_grid_G08_zero_anchor_repeat3;7b6436b0c98f6238_px4_position_0_contract_grid_G08_zero_anchor_repeat4,0,0.0,0,
exploratory-hypothesis,Phase-0,px4_position,0,G08,I2,C3 Envelope,C3,pitch,pitch_plus_full,"saturated plus pitch; active [0,5] then neutral tail",I2_step_hold,pitch:+,v_xy,"[2,5]",12.0,6.691895308922838,6.691895308922838,0.10974507334342201,6.55119642436519,6.8527357710030525,5.308104691077162,0.10974507334342201,5.1472642289969475,5.44880357563481,5.527594837764006,5.0886145443903175,robust_safe,a08edfccf9989958,artifacts/contract_grid_summary/thetas/G08_pitch_plus_full_a08edfccf9989958.npy,5,a08edfccf9989958_px4_position_0_contract_grid_G08_pitch_plus_full_repeat0;a08edfccf9989958_px4_position_0_contract_grid_G08_pitch_plus_full_repeat1;a08edfccf9989958_px4_position_0_contract_grid_G08_pitch_plus_full_repeat2;a08edfccf9989958_px4_position_0_contract_grid_G08_pitch_plus_full_repeat3;a08edfccf9989958_px4_position_0_contract_grid_G08_pitch_plus_full_repeat4,0,1.0,10,pitch
exploratory-hypothesis,Phase-0,px4_position,0,G08,I2,C3 Envelope,C3,pitch,pitch_plus_full,"saturated plus pitch; active [0,5] then neutral tail",I2_step_hold,pitch:+,tilt,"[2,5]",0.6108652381980153,0.42633760532541193,0.42633760532541193,0.0028928071893798,0.4225965503564451,0.43057159134211626,0.18452763287260338,0.0028928071893798,0.18029364685589905,0.1882686878415702,0.19031324725136298,0.17874201849384377,robust_safe,a08edfccf9989958,artifacts/contract_grid_summary/thetas/G08_pitch_plus_full_a08edfccf9989958.npy,5,a08edfccf9989958_px4_position_0_contract_grid_G08_pitch_plus_full_repeat0;a08edfccf9989958_px4_position_0_contract_grid_G08_pitch_plus_full_repeat1;a08edfccf9989958_px4_position_0_contract_grid_G08_pitch_plus_full_repeat2;a08edfccf9989958_px4_position_0_contract_grid_G08_pitch_plus_full_repeat3;a08edfccf9989958_px4_position_0_contract_grid_G08_pitch_plus_full_repeat4,0,1.0,10,pitch
exploratory-hypothesis,Phase-0,px4_position,0,G08,I2,C3 Envelope,C3,pitch,pitch_minus_full,"saturated minus pitch; active [0,5] then neutral tail",I2_step_hold,pitch:-,v_xy,"[2,5]",12.0,6.596205995536552,6.596205995536552,0.17704780150948546,6.421572860277809,6.843894434142866,5.403794004463449,0.17704780150948546,5.156105565857134,5.578427139722191,5.7578896074824195,5.049698401444478,robust_safe,e89a4b6a2371829e,artifacts/contract_grid_summary/thetas/G08_pitch_minus_full_e89a4b6a2371829e.npy,5,e89a4b6a2371829e_px4_position_0_contract_grid_G08_pitch_minus_full_repeat0;e89a4b6a2371829e_px4_position_0_contract_grid_G08_pitch_minus_full_repeat1;e89a4b6a2371829e_px4_position_0_contract_grid_G08_pitch_minus_full_repeat2;e89a4b6a2371829e_px4_position_0_contract_grid_G08_pitch_minus_full_repeat3;e89a4b6a2371829e_px4_position_0_contract_grid_G08_pitch_minus_full_repeat4,0,1.0,10,pitch
exploratory-hypothesis,Phase-0,px4_position,0,G08,I2,C3 Envelope,C3,pitch,pitch_minus_full,"saturated minus pitch; active [0,5] then neutral tail",I2_step_hold,pitch:-,tilt,"[2,5]",0.6108652381980153,0.425352446061526,0.425352446061526,0.001732587743792297,0.42353363567116353,0.4275140539033383,0.18551279213648925,0.001732587743792297,0.183351184294677,0.18733160252685177,0.18897796762407384,0.18204761664890465,robust_safe,e89a4b6a2371829e,artifacts/contract_grid_summary/thetas/G08_pitch_minus_full_e89a4b6a2371829e.npy,5,e89a4b6a2371829e_px4_position_0_contract_grid_G08_pitch_minus_full_repeat0;e89a4b6a2371829e_px4_position_0_contract_grid_G08_pitch_minus_full_repeat1;e89a4b6a2371829e_px4_position_0_contract_grid_G08_pitch_minus_full_repeat2;e89a4b6a2371829e_px4_position_0_contract_grid_G08_pitch_minus_full_repeat3;e89a4b6a2371829e_px4_position_0_contract_grid_G08_pitch_minus_full_repeat4,0,1.0,10,pitch
exploratory-hypothesis,Phase-0,px4_position,0,G09,I2,C3 Envelope,C3,throttle,zero_anchor,all-neutral zero anchor,zero,neutral,climb_rate_up,"[2,5]",3.0,0.005442762514576259,0.005442762514576259,0.005114450089293026,0.0005190292140468,0.0132739599794149,2.9945572374854237,0.005114450089293016,2.986726040020585,2.999480970785953,3.0047861376640097,2.9843283373068377,robust_safe,7b6436b0c98f6238,artifacts/contract_grid_summary/thetas/G09_zero_anchor_7b6436b0c98f6238.npy,5,7b6436b0c98f6238_px4_position_0_contract_grid_G09_zero_anchor_repeat0;7b6436b0c98f6238_px4_position_0_contract_grid_G09_zero_anchor_repeat1;7b6436b0c98f6238_px4_position_0_contract_grid_G09_zero_anchor_repeat2;7b6436b0c98f6238_px4_position_0_contract_grid_G09_zero_anchor_repeat3;7b6436b0c98f6238_px4_position_0_contract_grid_G09_zero_anchor_repeat4,0,0.0,0,
exploratory-hypothesis,Phase-0,px4_position,0,G09,I2,C3 Envelope,C3,throttle,zero_anchor,all-neutral zero anchor,zero,neutral,climb_rate_down,"[2,5]",1.5,0.0014494596049189402,0.0014494596049189402,0.0019904564035058067,0.0,0.0038365670479834,1.498550540395081,0.001990456403505828,1.4961634329520166,1.5,1.5025314532020926,1.4945696275880693,robust_safe,7b6436b0c98f6238,artifacts/contract_grid_summary/thetas/G09_zero_anchor_7b6436b0c98f6238.npy,5,7b6436b0c98f6238_px4_position_0_contract_grid_G09_zero_anchor_repeat0;7b6436b0c98f6238_px4_position_0_contract_grid_G09_zero_anchor_repeat1;7b6436b0c98f6238_px4_position_0_contract_grid_G09_zero_anchor_repeat2;7b6436b0c98f6238_px4_position_0_contract_grid_G09_zero_anchor_repeat3;7b6436b0c98f6238_px4_position_0_contract_grid_G09_zero_anchor_repeat4,0,0.0,0,
exploratory-hypothesis,Phase-0,px4_position,0,G09,I2,C3 Envelope,C3,throttle,throttle_plus_full,"saturated plus throttle; active [0,5] then neutral tail",I2_step_hold,throttle:+,climb_rate_up,"[2,5]",3.0,3.0268298625946044,3.0268298625946044,0.027226665235815756,2.9802749156951904,3.0504870414733887,-0.026829862594604494,0.027226665235815756,-0.05048704147338867,0.01972508430480957,0.02762346787702702,-0.081283193066236,noise_band,04f3db5143fee943,artifacts/contract_grid_summary/thetas/G09_throttle_plus_full_04f3db5143fee943.npy,5,04f3db5143fee943_px4_position_0_contract_grid_G09_throttle_plus_full_repeat0;04f3db5143fee943_px4_position_0_contract_grid_G09_throttle_plus_full_repeat1;04f3db5143fee943_px4_position_0_contract_grid_G09_throttle_plus_full_repeat2;04f3db5143fee943_px4_position_0_contract_grid_G09_throttle_plus_full_repeat3;04f3db5143fee943_px4_position_0_contract_grid_G09_throttle_plus_full_repeat4,0,1.0,10,throttle
exploratory-hypothesis,Phase-0,px4_position,0,G09,I2,C3 Envelope,C3,throttle,throttle_minus_full,"saturated minus throttle; active [0,5] then neutral tail",I2_step_hold,throttle:-,climb_rate_down,"[2,5]",1.5,0.7234623551368713,0.7234623551368713,0.0045868094299535145,0.7178362011909485,0.7303321957588196,0.7765376448631287,0.0045868094299535145,0.7696678042411804,0.7821637988090515,0.7857112637230357,0.7673640260032217,robust_safe,374ef6ac39cdc091,artifacts/contract_grid_summary/thetas/G09_throttle_minus_full_374ef6ac39cdc091.npy,5,374ef6ac39cdc091_px4_position_0_contract_grid_G09_throttle_minus_full_repeat0;374ef6ac39cdc091_px4_position_0_contract_grid_G09_throttle_minus_full_repeat1;374ef6ac39cdc091_px4_position_0_contract_grid_G09_throttle_minus_full_repeat2;374ef6ac39cdc091_px4_position_0_contract_grid_G09_throttle_minus_full_repeat3;374ef6ac39cdc091_px4_position_0_contract_grid_G09_throttle_minus_full_repeat4,0,1.0,10,throttle
exploratory-hypothesis,Phase-0,px4_position,0,G10,I3,C4 Coupling,C4,throttle,zero_anchor,all-neutral zero anchor,zero,neutral,xy_velocity,"[11,13]",1.0,0.030690796535205744,0.030690796535205744,0.010602246640970701,0.020558082440305263,0.045261519258664444,0.9693092034647941,0.010602246640970715,0.9547384807413356,0.9794419175596948,0.9905136967467355,0.9481047101828527,robust_safe,7b6436b0c98f6238,artifacts/contract_grid_summary/thetas/G10_zero_anchor_7b6436b0c98f6238.npy,5,7b6436b0c98f6238_px4_position_0_contract_grid_G10_zero_anchor_repeat0;7b6436b0c98f6238_px4_position_0_contract_grid_G10_zero_anchor_repeat1;7b6436b0c98f6238_px4_position_0_contract_grid_G10_zero_anchor_repeat2;7b6436b0c98f6238_px4_position_0_contract_grid_G10_zero_anchor_repeat3;7b6436b0c98f6238_px4_position_0_contract_grid_G10_zero_anchor_repeat4,0,0.0,0,
exploratory-hypothesis,Phase-0,px4_position,0,G10,I3,C4 Coupling,C4,throttle,throttle_plus_full,"saturated plus throttle; active [0,5] then neutral tail",I3,throttle:+,xy_velocity,"[11,13]",1.0,0.02684283121982404,0.02684283121982404,0.005160170527062103,0.019683934851962345,0.03297127684099416,0.9731571687801759,0.005160170527062138,0.9670287231590058,0.9803160651480377,0.9834775098343002,0.9628368277260516,robust_safe,04f3db5143fee943,artifacts/contract_grid_summary/thetas/G10_throttle_plus_full_04f3db5143fee943.npy,5,04f3db5143fee943_px4_position_0_contract_grid_G10_throttle_plus_full_repeat0;04f3db5143fee943_px4_position_0_contract_grid_G10_throttle_plus_full_repeat1;04f3db5143fee943_px4_position_0_contract_grid_G10_throttle_plus_full_repeat2;04f3db5143fee943_px4_position_0_contract_grid_G10_throttle_plus_full_repeat3;04f3db5143fee943_px4_position_0_contract_grid_G10_throttle_plus_full_repeat4,0,1.0,10,throttle
exploratory-hypothesis,Phase-0,px4_position,0,G10,I3,C4 Coupling,C4,throttle,throttle_minus_full,"saturated minus throttle; active [0,5] then neutral tail",I3,throttle:-,xy_velocity,"[11,13]",1.0,0.021895436474381164,0.021895436474381164,0.00977283528918128,0.00740046399269453,0.03366733954219707,0.9781045635256188,0.009772835289181252,0.966332660457803,0.9925995360073054,0.9976502341039813,0.9585588929472563,robust_safe,374ef6ac39cdc091,artifacts/contract_grid_summary/thetas/G10_throttle_minus_full_374ef6ac39cdc091.npy,5,374ef6ac39cdc091_px4_position_0_contract_grid_G10_throttle_minus_full_repeat0;374ef6ac39cdc091_px4_position_0_contract_grid_G10_throttle_minus_full_repeat1;374ef6ac39cdc091_px4_position_0_contract_grid_G10_throttle_minus_full_repeat2;374ef6ac39cdc091_px4_position_0_contract_grid_G10_throttle_minus_full_repeat3;374ef6ac39cdc091_px4_position_0_contract_grid_G10_throttle_minus_full_repeat4,0,1.0,10,throttle
exploratory-hypothesis,Phase-0,px4_position,0,G11,I3,C4 Coupling,C4,roll+throttle,zero_anchor,all-neutral zero anchor,zero,neutral,xy_velocity,"[11,13]",1.0,0.03301758787651524,0.03301758787651524,0.014959303279056469,0.015607182652983283,0.0547780853507223,0.9669824121234848,0.014959303279056447,0.9452219146492777,0.9843928173470167,0.9969010186815976,0.9370638055653719,robust_safe,7b6436b0c98f6238,artifacts/contract_grid_summary/thetas/G11_zero_anchor_7b6436b0c98f6238.npy,5,7b6436b0c98f6238_px4_position_0_contract_grid_G11_zero_anchor_repeat0;7b6436b0c98f6238_px4_position_0_contract_grid_G11_zero_anchor_repeat1;7b6436b0c98f6238_px4_position_0_contract_grid_G11_zero_anchor_repeat2;7b6436b0c98f6238_px4_position_0_contract_grid_G11_zero_anchor_repeat3;7b6436b0c98f6238_px4_position_0_contract_grid_G11_zero_anchor_repeat4,0,0.0,0,
exploratory-hypothesis,Phase-0,px4_position,0,G11,I3,C4 Coupling,C4,roll+throttle,zero_anchor,all-neutral zero anchor,zero,neutral,climb_rate,"[11,13]",0.30000000000000004,0.0077310935594141015,0.0077310935594141015,0.0026504791722613817,0.0045428168959915,0.0110692288726568,0.29226890644058595,0.002650479172261388,0.2889307711273432,0.29545718310400854,0.2975698647851087,0.2869679480960632,robust_safe,7b6436b0c98f6238,artifacts/contract_grid_summary/thetas/G11_zero_anchor_7b6436b0c98f6238.npy,5,7b6436b0c98f6238_px4_position_0_contract_grid_G11_zero_anchor_repeat0;7b6436b0c98f6238_px4_position_0_contract_grid_G11_zero_anchor_repeat1;7b6436b0c98f6238_px4_position_0_contract_grid_G11_zero_anchor_repeat2;7b6436b0c98f6238_px4_position_0_contract_grid_G11_zero_anchor_repeat3;7b6436b0c98f6238_px4_position_0_contract_grid_G11_zero_anchor_repeat4,0,0.0,0,
exploratory-hypothesis,Phase-0,px4_position,0,G11,I3,C4 Coupling,C4,roll+throttle,roll_throttle_plusplus_full,"saturated coordinated roll plus, throttle plus",I3_coordinated,roll:+;throttle:+,xy_velocity,"[11,13]",1.0,0.17981958043872562,0.17981958043872562,0.01655681702759028,0.16492856706743042,0.20530527566899842,0.8201804195612745,0.016556817027590272,0.7946947243310016,0.8350714329325696,0.853294053616455,0.787066785506094,robust_safe,6130ac3ef1c6bd15,artifacts/contract_grid_summary/thetas/G11_roll_throttle_plusplus_full_6130ac3ef1c6bd15.npy,5,6130ac3ef1c6bd15_px4_position_0_contract_grid_G11_roll_throttle_plusplus_full_repeat0;6130ac3ef1c6bd15_px4_position_0_contract_grid_G11_roll_throttle_plusplus_full_repeat1;6130ac3ef1c6bd15_px4_position_0_contract_grid_G11_roll_throttle_plusplus_full_repeat2;6130ac3ef1c6bd15_px4_position_0_contract_grid_G11_roll_throttle_plusplus_full_repeat3;6130ac3ef1c6bd15_px4_position_0_contract_grid_G11_roll_throttle_plusplus_full_repeat4,0,1.0,20,"roll,throttle"
exploratory-hypothesis,Phase-0,px4_position,0,G11,I3,C4 Coupling,C4,roll+throttle,roll_throttle_plusplus_full,"saturated coordinated roll plus, throttle plus",I3_coordinated,roll:+;throttle:+,climb_rate,"[11,13]",0.30000000000000004,0.04498202502727504,0.04498202502727504,0.0053256943434738,0.0389621816575527,0.053333006799221,0.255017974972725,0.00532569434347379,0.24666699320077906,0.2610378183424473,0.2656693636596726,0.2443665862857774,robust_safe,6130ac3ef1c6bd15,artifacts/contract_grid_summary/thetas/G11_roll_throttle_plusplus_full_6130ac3ef1c6bd15.npy,5,6130ac3ef1c6bd15_px4_position_0_contract_grid_G11_roll_throttle_plusplus_full_repeat0;6130ac3ef1c6bd15_px4_position_0_contract_grid_G11_roll_throttle_plusplus_full_repeat1;6130ac3ef1c6bd15_px4_position_0_contract_grid_G11_roll_throttle_plusplus_full_repeat2;6130ac3ef1c6bd15_px4_position_0_contract_grid_G11_roll_throttle_plusplus_full_repeat3;6130ac3ef1c6bd15_px4_position_0_contract_grid_G11_roll_throttle_plusplus_full_repeat4,0,1.0,20,"roll,throttle"
exploratory-hypothesis,Phase-0,px4_position,0,G11,I3,C4 Coupling,C4,roll+throttle,roll_throttle_plusminus_full,"saturated coordinated roll plus, throttle minus",I3_coordinated,roll:+;throttle:-,xy_velocity,"[11,13]",1.0,0.34850015141372737,0.34850015141372737,0.009791937638717814,0.3385725736093091,0.3610119643855163,0.6514998485862727,0.009791937638717807,0.6389880356144837,0.661427426390691,0.6710837238637084,0.6319159733088371,robust_safe,1ebf074ed980fe54,artifacts/contract_grid_summary/thetas/G11_roll_throttle_plusminus_full_1ebf074ed980fe54.npy,5,1ebf074ed980fe54_px4_position_0_contract_grid_G11_roll_throttle_plusminus_full_repeat0;1ebf074ed980fe54_px4_position_0_contract_grid_G11_roll_throttle_plusminus_full_repeat1;1ebf074ed980fe54_px4_position_0_contract_grid_G11_roll_throttle_plusminus_full_repeat2;1ebf074ed980fe54_px4_position_0_contract_grid_G11_roll_throttle_plusminus_full_repeat3;1ebf074ed980fe54_px4_position_0_contract_grid_G11_roll_throttle_plusminus_full_repeat4,0,1.0,20,"roll,throttle"
exploratory-hypothesis,Phase-0,px4_position,0,G11,I3,C4 Coupling,C4,roll+throttle,roll_throttle_plusminus_full,"saturated coordinated roll plus, throttle minus",I3_coordinated,roll:+;throttle:-,climb_rate,"[11,13]",0.30000000000000004,0.06871491670608516,0.06871491670608516,0.006072146761702081,0.0589363425970077,0.075133666396141,0.2312850832939149,0.006072146761702086,0.22486633360385905,0.24106365740299235,0.24342937681731908,0.2191407897705107,robust_safe,1ebf074ed980fe54,artifacts/contract_grid_summary/thetas/G11_roll_throttle_plusminus_full_1ebf074ed980fe54.npy,5,1ebf074ed980fe54_px4_position_0_contract_grid_G11_roll_throttle_plusminus_full_repeat0;1ebf074ed980fe54_px4_position_0_contract_grid_G11_roll_throttle_plusminus_full_repeat1;1ebf074ed980fe54_px4_position_0_contract_grid_G11_roll_throttle_plusminus_full_repeat2;1ebf074ed980fe54_px4_position_0_contract_grid_G11_roll_throttle_plusminus_full_repeat3;1ebf074ed980fe54_px4_position_0_contract_grid_G11_roll_throttle_plusminus_full_repeat4,0,1.0,20,"roll,throttle"
exploratory-hypothesis,Phase-0,px4_position,0,G12,I3,C4 Coupling,C4,pitch+throttle,zero_anchor,all-neutral zero anchor,zero,neutral,xy_velocity,"[11,13]",1.0,0.02458265424386577,0.02458265424386577,0.009717828140473962,0.008443694272460387,0.03373504120871423,0.9754173457561344,0.009717828140473943,0.9662649587912858,0.9915563057275396,0.9948530020370823,0.9559816894751865,robust_safe,7b6436b0c98f6238,artifacts/contract_grid_summary/thetas/G12_zero_anchor_7b6436b0c98f6238.npy,5,7b6436b0c98f6238_px4_position_0_contract_grid_G12_zero_anchor_repeat0;7b6436b0c98f6238_px4_position_0_contract_grid_G12_zero_anchor_repeat1;7b6436b0c98f6238_px4_position_0_contract_grid_G12_zero_anchor_repeat2;7b6436b0c98f6238_px4_position_0_contract_grid_G12_zero_anchor_repeat3;7b6436b0c98f6238_px4_position_0_contract_grid_G12_zero_anchor_repeat4,0,0.0,0,
exploratory-hypothesis,Phase-0,px4_position,0,G12,I3,C4 Coupling,C4,pitch+throttle,zero_anchor,all-neutral zero anchor,zero,neutral,climb_rate,"[11,13]",0.30000000000000004,0.004935779375955419,0.004935779375955419,0.0021968700380911197,0.0025518841575831,0.0084734195843338,0.29506422062404464,0.0021968700380911067,0.29152658041566626,0.2974481158424169,0.29945796070022684,0.29067048054786243,robust_safe,7b6436b0c98f6238,artifacts/contract_grid_summary/thetas/G12_zero_anchor_7b6436b0c98f6238.npy,5,7b6436b0c98f6238_px4_position_0_contract_grid_G12_zero_anchor_repeat0;7b6436b0c98f6238_px4_position_0_contract_grid_G12_zero_anchor_repeat1;7b6436b0c98f6238_px4_position_0_contract_grid_G12_zero_anchor_repeat2;7b6436b0c98f6238_px4_position_0_contract_grid_G12_zero_anchor_repeat3;7b6436b0c98f6238_px4_position_0_contract_grid_G12_zero_anchor_repeat4,0,0.0,0,
exploratory-hypothesis,Phase-0,px4_position,0,G12,I3,C4 Coupling,C4,pitch+throttle,pitch_throttle_plusplus_full,"saturated coordinated pitch plus, throttle plus",I3_coordinated,pitch:+;throttle:+,xy_velocity,"[11,13]",1.0,0.1786653423346533,0.1786653423346533,0.01608405007630754,0.16275201495345826,0.20310795550150046,0.8213346576653466,0.016084050076307563,0.7968920444984995,0.8372479850465417,0.8535027578179618,0.7891665575127315,robust_safe,9d8acddd4f93140e,artifacts/contract_grid_summary/thetas/G12_pitch_throttle_plusplus_full_9d8acddd4f93140e.npy,5,9d8acddd4f93140e_px4_position_0_contract_grid_G12_pitch_throttle_plusplus_full_repeat0;9d8acddd4f93140e_px4_position_0_contract_grid_G12_pitch_throttle_plusplus_full_repeat1;9d8acddd4f93140e_px4_position_0_contract_grid_G12_pitch_throttle_plusplus_full_repeat2;9d8acddd4f93140e_px4_position_0_contract_grid_G12_pitch_throttle_plusplus_full_repeat3;9d8acddd4f93140e_px4_position_0_contract_grid_G12_pitch_throttle_plusplus_full_repeat4,0,1.0,20,"pitch,throttle"
exploratory-hypothesis,Phase-0,px4_position,0,G12,I3,C4 Coupling,C4,pitch+throttle,pitch_throttle_plusplus_full,"saturated coordinated pitch plus, throttle plus",I3_coordinated,pitch:+;throttle:+,climb_rate,"[11,13]",0.30000000000000004,0.03994238078594202,0.03994238078594202,0.0032883559690711764,0.0366902239620685,0.0449911952018737,0.26005761921405807,0.0032883559690711863,0.2550088047981263,0.26330977603793154,0.2666343311522004,0.2534809072759157,robust_safe,9d8acddd4f93140e,artifacts/contract_grid_summary/thetas/G12_pitch_throttle_plusplus_full_9d8acddd4f93140e.npy,5,9d8acddd4f93140e_px4_position_0_contract_grid_G12_pitch_throttle_plusplus_full_repeat0;9d8acddd4f93140e_px4_position_0_contract_grid_G12_pitch_throttle_plusplus_full_repeat1;9d8acddd4f93140e_px4_position_0_contract_grid_G12_pitch_throttle_plusplus_full_repeat2;9d8acddd4f93140e_px4_position_0_contract_grid_G12_pitch_throttle_plusplus_full_repeat3;9d8acddd4f93140e_px4_position_0_contract_grid_G12_pitch_throttle_plusplus_full_repeat4,0,1.0,20,"pitch,throttle"
exploratory-hypothesis,Phase-0,px4_position,0,G12,I3,C4 Coupling,C4,pitch+throttle,pitch_throttle_plusminus_full,"saturated coordinated pitch plus, throttle minus",I3_coordinated,pitch:+;throttle:-,xy_velocity,"[11,13]",1.0,0.33078487290539993,0.33078487290539993,0.022962590944211606,0.30005279196507606,0.35762847254517544,0.6692151270946,0.022962590944211617,0.6423715274548245,0.6999472080349239,0.7151403089830232,0.6232899452061768,robust_safe,8bbf73f83420b94f,artifacts/contract_grid_summary/thetas/G12_pitch_throttle_plusminus_full_8bbf73f83420b94f.npy,5,8bbf73f83420b94f_px4_position_0_contract_grid_G12_pitch_throttle_plusminus_full_repeat0;8bbf73f83420b94f_px4_position_0_contract_grid_G12_pitch_throttle_plusminus_full_repeat1;8bbf73f83420b94f_px4_position_0_contract_grid_G12_pitch_throttle_plusminus_full_repeat2;8bbf73f83420b94f_px4_position_0_contract_grid_G12_pitch_throttle_plusminus_full_repeat3;8bbf73f83420b94f_px4_position_0_contract_grid_G12_pitch_throttle_plusminus_full_repeat4,0,1.0,20,"pitch,throttle"
exploratory-hypothesis,Phase-0,px4_position,0,G12,I3,C4 Coupling,C4,pitch+throttle,pitch_throttle_plusminus_full,"saturated coordinated pitch plus, throttle minus",I3_coordinated,pitch:+;throttle:-,climb_rate,"[11,13]",0.30000000000000004,0.0668952330946922,0.0668952330946922,0.008418939890649183,0.0563115552067756,0.0776568129658699,0.23310476690530782,0.008418939890649183,0.22234318703413014,0.24368844479322443,0.24994264668660618,0.21626688712400946,robust_safe,8bbf73f83420b94f,artifacts/contract_grid_summary/thetas/G12_pitch_throttle_plusminus_full_8bbf73f83420b94f.npy,5,8bbf73f83420b94f_px4_position_0_contract_grid_G12_pitch_throttle_plusminus_full_repeat0;8bbf73f83420b94f_px4_position_0_contract_grid_G12_pitch_throttle_plusminus_full_repeat1;8bbf73f83420b94f_px4_position_0_contract_grid_G12_pitch_throttle_plusminus_full_repeat2;8bbf73f83420b94f_px4_position_0_contract_grid_G12_pitch_throttle_plusminus_full_repeat3;8bbf73f83420b94f_px4_position_0_contract_grid_G12_pitch_throttle_plusminus_full_repeat4,0,1.0,20,"pitch,throttle"
