query_id,cache_tag,maneuver,axis,C_track_available,C_track_axis,baseline_nte_median,nte_threshold,peak_err_threshold_radps,high_err_duration_threshold_s,baseline_ratio_threshold,overlap_threshold_s,active_window_available,C_track_status,C_track_safe,C_track_violation,C_track_unavailable_reason,active_window_start_s,active_window_end_s,rms_sp,rms_err,nte,peak_err,high_err_duration_s,saturation_error_overlap_s,explicit_limit_or_saturation_during_high_error,baseline_ratio_ok,raw_log_path,nonlinear_observable,nonlinear_activated_in_active_window
7b6436b0c98f6238_px4_stabilized_pitch_0_paramsbb4c70b614_Hboundary_pitch_Hscale_0p65_M0_hover_no_input_repeat0,Hboundary_pitch_Hscale_0p65_M0_hover_no_input_repeat0,hover_no_input,pitch,True,pitch,,0.65,1.0,0.25,2.5,0.2,False,safe,True,False,,1781005962.026,1781005962.026,0.0,0.0,0.0,0.0,0.0,0.0,False,False,runs/mantis_Hboundary_px4_seed0_v0/queries/7b6436b0c98f6238_px4_stabilized_pitch_0_paramsbb4c70b614_Hboundary_pitch_Hscale_0p65_M0_hover_no_input_repeat0/raw_log.ulg,,
8534bb1a14ed0591_px4_stabilized_pitch_0_paramsbb4c70b614_Hboundary_pitch_Hscale_0p65_Msmall_small_step_pitch_repeat0,Hboundary_pitch_Hscale_0p65_Msmall_small_step_pitch_repeat0,small_step_pitch,pitch,True,pitch,,0.65,1.0,0.25,2.5,0.2,False,safe,True,False,,1781006073.102,1781006073.102,0.0,0.0,0.0,0.0,0.0,0.0,False,False,runs/mantis_Hboundary_px4_seed0_v0/queries/8534bb1a14ed0591_px4_stabilized_pitch_0_paramsbb4c70b614_Hboundary_pitch_Hscale_0p65_Msmall_small_step_pitch_repeat0/raw_log.ulg,,
f6e2f9116e805112_px4_stabilized_pitch_0_paramsbb4c70b614_Hboundary_pitch_Hscale_0p65_Mstrong_P0_pulse_train_A0p7_repeat3_repeat0,Hboundary_pitch_Hscale_0p65_Mstrong_P0_pulse_train_A0p7_repeat3_repeat0,pulse_train_A0p7_repeat3,pitch,True,pitch,,0.65,1.0,0.25,2.5,0.2,True,safe,True,False,,1781006113.111,1781006114.511,0.9852153669404413,0.6673995226303824,0.6774148526559963,2.2502331137657166,0.1359999179840088,0.1359999179840088,True,False,runs/mantis_Hboundary_px4_seed0_v0/queries/f6e2f9116e805112_px4_stabilized_pitch_0_paramsbb4c70b614_Hboundary_pitch_Hscale_0p65_Mstrong_P0_pulse_train_A0p7_repeat3_repeat0/raw_log.ulg,True,True
f6e2f9116e805112_px4_stabilized_pitch_0_paramsbb4c70b614_Hboundary_pitch_Hscale_0p65_Mstrong_P0_pulse_train_A1p0_repeat3_repeat0,Hboundary_pitch_Hscale_0p65_Mstrong_P0_pulse_train_A1p0_repeat3_repeat0,pulse_train_A1p0_repeat3,pitch,True,pitch,,0.65,1.0,0.25,2.5,0.2,True,safe,True,False,,1781006153.453,1781006155.053,0.9630045571871921,0.7937671713147342,0.824261074769181,2.3235220843281406,0.2200000286102295,0.2200000286102295,True,False,runs/mantis_Hboundary_px4_seed0_v0/queries/f6e2f9116e805112_px4_stabilized_pitch_0_paramsbb4c70b614_Hboundary_pitch_Hscale_0p65_Mstrong_P0_pulse_train_A1p0_repeat3_repeat0/raw_log.ulg,True,True
1c2d1caedf9d81b3_px4_stabilized_pitch_0_paramsbb4c70b614_Hboundary_pitch_Hscale_0p65_Mstrong_P0_strong_doublet_A0p9_hold2_repeat0,Hboundary_pitch_Hscale_0p65_Mstrong_P0_strong_doublet_A0p9_hold2_repeat0,strong_doublet_A0p9_hold2,pitch,True,pitch,,0.65,1.0,0.25,2.5,0.2,True,safe,True,False,,1781006192.187,1781006193.187,1.1409347583298048,0.7023458672606481,0.6155881062724395,2.2709474712610245,0.11599993705749512,0.11599993705749512,True,False,runs/mantis_Hboundary_px4_seed0_v0/queries/1c2d1caedf9d81b3_px4_stabilized_pitch_0_paramsbb4c70b614_Hboundary_pitch_Hscale_0p65_Mstrong_P0_strong_doublet_A0p9_hold2_repeat0/raw_log.ulg,True,True
f6e2f9116e805112_px4_stabilized_pitch_0_paramsbb4c70b614_Hboundary_pitch_Hscale_0p65_Mstrong_P0_pulse_train_A0p9_repeat3_repeat0,Hboundary_pitch_Hscale_0p65_Mstrong_P0_pulse_train_A0p9_repeat3_repeat0,pulse_train_A0p9_repeat3,pitch,True,pitch,,0.65,1.0,0.25,2.5,0.2,True,safe,True,False,,1781006231.414,1781006232.618,1.0359713949989784,0.8762730849414785,0.8458467957431803,2.3341703712940216,0.23999977111816406,0.23999977111816406,True,False,runs/mantis_Hboundary_px4_seed0_v0/queries/f6e2f9116e805112_px4_stabilized_pitch_0_paramsbb4c70b614_Hboundary_pitch_Hscale_0p65_Mstrong_P0_pulse_train_A0p9_repeat3_repeat0/raw_log.ulg,True,True
7b6436b0c98f6238_px4_acro_roll_0_paramsadf559745d_Hboundary_roll_Hscale_0p65_M0_hover_no_input_repeat0,Hboundary_roll_Hscale_0p65_M0_hover_no_input_repeat0,hover_no_input,roll,True,roll,,0.65,1.0,0.25,2.5,0.2,True,safe,True,False,,1781006193.817,1781006193.837,0.08752990044526608,0.08663325714330487,0.3465330285732195,0.09196426546664065,0.0,0.0,False,False,runs/mantis_Hboundary_px4_seed0_v0/queries/7b6436b0c98f6238_px4_acro_roll_0_paramsadf559745d_Hboundary_roll_Hscale_0p65_M0_hover_no_input_repeat0/raw_log.ulg,True,True
77ddc9e0aa4f00eb_px4_acro_roll_0_paramsadf559745d_Hboundary_roll_Hscale_0p65_Msmall_small_step_roll_repeat0,Hboundary_roll_Hscale_0p65_Msmall_small_step_roll_repeat0,small_step_roll,roll,True,roll,,0.65,1.0,0.25,2.5,0.2,True,safe,True,False,,1781006308.306,1781006308.506,0.3490658700466156,0.07173096813347558,0.2054940751552031,0.19505855441093445,0.0,0.0,False,False,runs/mantis_Hboundary_px4_seed0_v0/queries/77ddc9e0aa4f00eb_px4_acro_roll_0_paramsadf559745d_Hboundary_roll_Hscale_0p65_Msmall_small_step_roll_repeat0/raw_log.ulg,True,True
0535b6bad6bfc1e8_px4_acro_roll_0_paramsadf559745d_Hboundary_roll_Hscale_0p65_Mstrong_P0_pulse_train_A0p9_repeat3_repeat0,Hboundary_roll_Hscale_0p65_Mstrong_P0_pulse_train_A0p9_repeat3_repeat0,pulse_train_A0p9_repeat3,roll,True,roll,,0.65,1.0,0.25,2.5,0.2,True,safe,True,False,,1781006347.976,1781006349.36,0.6644354941587217,0.2686564895366758,0.4043379559017035,0.8897902369499207,0.0,0.0,False,False,runs/mantis_Hboundary_px4_seed0_v0/queries/0535b6bad6bfc1e8_px4_acro_roll_0_paramsadf559745d_Hboundary_roll_Hscale_0p65_Mstrong_P0_pulse_train_A0p9_repeat3_repeat0/raw_log.ulg,True,True
0535b6bad6bfc1e8_px4_acro_roll_0_paramsadf559745d_Hboundary_roll_Hscale_0p65_Mstrong_P0_pulse_train_A0p7_repeat3_repeat0,Hboundary_roll_Hscale_0p65_Mstrong_P0_pulse_train_A0p7_repeat3_repeat0,pulse_train_A0p7_repeat3,roll,True,roll,,0.65,1.0,0.25,2.5,0.2,True,safe,True,False,,1781006386.347,1781006387.739,0.6513743572498321,0.2560178593549518,0.3930425822040108,0.8901093006134033,0.0,0.0,False,False,runs/mantis_Hboundary_px4_seed0_v0/queries/0535b6bad6bfc1e8_px4_acro_roll_0_paramsadf559745d_Hboundary_roll_Hscale_0p65_Mstrong_P0_pulse_train_A0p7_repeat3_repeat0/raw_log.ulg,True,True
0535b6bad6bfc1e8_px4_acro_roll_0_paramsadf559745d_Hboundary_roll_Hscale_0p65_Mstrong_P0_pulse_train_A1p0_repeat3_repeat0,Hboundary_roll_Hscale_0p65_Mstrong_P0_pulse_train_A1p0_repeat3_repeat0,pulse_train_A1p0_repeat3,roll,True,roll,,0.65,1.0,0.25,2.5,0.2,True,safe,True,False,,1781006424.207,1781006425.607,0.6344526506641804,0.2595401240253583,0.409077216012349,0.8883585557341576,0.0,0.0,False,False,runs/mantis_Hboundary_px4_seed0_v0/queries/0535b6bad6bfc1e8_px4_acro_roll_0_paramsadf559745d_Hboundary_roll_Hscale_0p65_Mstrong_P0_pulse_train_A1p0_repeat3_repeat0/raw_log.ulg,True,True
1a893b15d861806e_px4_acro_roll_0_paramsadf559745d_Hboundary_roll_Hscale_0p65_Mstrong_P0_reversal_A0p9_fast_repeat0,Hboundary_roll_Hscale_0p65_Mstrong_P0_reversal_A0p9_fast_repeat0,reversal_A0p9_fast,roll,True,roll,,0.65,1.0,0.25,2.5,0.2,True,safe,True,False,,1781006462.906,1781006464.702,1.1182737965282035,0.2719730580939093,0.24320793256381198,0.8899668001325702,0.0,0.0,False,False,runs/mantis_Hboundary_px4_seed0_v0/queries/1a893b15d861806e_px4_acro_roll_0_paramsadf559745d_Hboundary_roll_Hscale_0p65_Mstrong_P0_reversal_A0p9_fast_repeat0/raw_log.ulg,True,True
7b6436b0c98f6238_px4_stabilized_pitch_0_paramsf532584470_Hboundary_pitch_Hscale_0p6_M0_hover_no_input_repeat0,Hboundary_pitch_Hscale_0p6_M0_hover_no_input_repeat0,hover_no_input,pitch,True,pitch,,0.65,1.0,0.25,2.5,0.2,False,safe,True,False,,1781006426.066,1781006426.066,0.0,0.0,0.0,0.0,0.0,0.0,False,False,runs/mantis_Hboundary_px4_seed0_v0/queries/7b6436b0c98f6238_px4_stabilized_pitch_0_paramsf532584470_Hboundary_pitch_Hscale_0p6_M0_hover_no_input_repeat0/raw_log.ulg,,
8534bb1a14ed0591_px4_stabilized_pitch_0_paramsf532584470_Hboundary_pitch_Hscale_0p6_Msmall_small_step_pitch_repeat0,Hboundary_pitch_Hscale_0p6_Msmall_small_step_pitch_repeat0,small_step_pitch,pitch,True,pitch,,0.65,1.0,0.25,2.5,0.2,True,safe,True,False,,1781006537.196,1781006537.392,0.32081280148031505,0.15607594478220774,0.4865016111016521,0.2716235419114431,0.0,0.0,False,False,runs/mantis_Hboundary_px4_seed0_v0/queries/8534bb1a14ed0591_px4_stabilized_pitch_0_paramsf532584470_Hboundary_pitch_Hscale_0p6_Msmall_small_step_pitch_repeat0/raw_log.ulg,True,True
f6e2f9116e805112_px4_stabilized_pitch_0_paramsf532584470_Hboundary_pitch_Hscale_0p6_Mstrong_P0_pulse_train_A0p7_repeat3_repeat0,Hboundary_pitch_Hscale_0p6_Mstrong_P0_pulse_train_A0p7_repeat3_repeat0,pulse_train_A0p7_repeat3,pitch,True,pitch,,0.65,1.0,0.25,2.5,0.2,True,safe,True,False,,1781006575.911,1781006577.311,0.9903883125548959,0.7095934447275133,0.7164800268058308,2.0576526522636414,0.2200000286102295,0.2200000286102295,True,False,runs/mantis_Hboundary_px4_seed0_v0/queries/f6e2f9116e805112_px4_stabilized_pitch_0_paramsf532584470_Hboundary_pitch_Hscale_0p6_Mstrong_P0_pulse_train_A0p7_repeat3_repeat0/raw_log.ulg,True,True
f6e2f9116e805112_px4_stabilized_pitch_0_paramsf532584470_Hboundary_pitch_Hscale_0p6_Mstrong_P0_pulse_train_A1p0_repeat3_repeat0,Hboundary_pitch_Hscale_0p6_Mstrong_P0_pulse_train_A1p0_repeat3_repeat0,pulse_train_A1p0_repeat3,pitch,True,pitch,,0.65,1.0,0.25,2.5,0.2,True,safe,True,False,,1781006617.864,1781006619.256,0.9305310772447303,0.6829813343769363,0.7339693977757519,2.125279128551483,0.09999990463256836,0.09999990463256836,True,False,runs/mantis_Hboundary_px4_seed0_v0/queries/f6e2f9116e805112_px4_stabilized_pitch_0_paramsf532584470_Hboundary_pitch_Hscale_0p6_Mstrong_P0_pulse_train_A1p0_repeat3_repeat0/raw_log.ulg,True,True
1c2d1caedf9d81b3_px4_stabilized_pitch_0_paramsf532584470_Hboundary_pitch_Hscale_0p6_Mstrong_P0_strong_doublet_A0p9_hold2_repeat0,Hboundary_pitch_Hscale_0p6_Mstrong_P0_strong_doublet_A0p9_hold2_repeat0,strong_doublet_A0p9_hold2,pitch,True,pitch,,0.65,1.0,0.25,2.5,0.2,True,safe,True,False,,1781006655.867,1781006656.879,0.989745439581149,0.6763818898736823,0.6833897513687164,1.8178345682099462,0.12799978256225586,0.12799978256225586,True,False,runs/mantis_Hboundary_px4_seed0_v0/queries/1c2d1caedf9d81b3_px4_stabilized_pitch_0_paramsf532584470_Hboundary_pitch_Hscale_0p6_Mstrong_P0_strong_doublet_A0p9_hold2_repeat0/raw_log.ulg,True,True
f6e2f9116e805112_px4_stabilized_pitch_0_paramsf532584470_Hboundary_pitch_Hscale_0p6_Mstrong_P0_pulse_train_A0p9_repeat3_repeat0,Hboundary_pitch_Hscale_0p6_Mstrong_P0_pulse_train_A0p9_repeat3_repeat0,pulse_train_A0p9_repeat3,pitch,True,pitch,,0.65,1.0,0.25,2.5,0.2,True,safe,True,False,,1781006694.744,1781006696.148,0.9829301594612514,0.7461084030346791,0.75906553060049,2.41144198179245,0.20399999618530273,0.20399999618530273,True,False,runs/mantis_Hboundary_px4_seed0_v0/queries/f6e2f9116e805112_px4_stabilized_pitch_0_paramsf532584470_Hboundary_pitch_Hscale_0p6_Mstrong_P0_pulse_train_A0p9_repeat3_repeat0/raw_log.ulg,True,True
7b6436b0c98f6238_px4_acro_roll_0_paramse298f3d3f5_Hboundary_roll_Hscale_0p6_M0_hover_no_input_repeat0,Hboundary_roll_Hscale_0p6_M0_hover_no_input_repeat0,hover_no_input,roll,True,roll,,0.65,1.0,0.25,2.5,0.2,False,safe,True,False,,,,0.0,0.0,0.0,0.0,0.0,0.0,False,False,runs/mantis_Hboundary_px4_seed0_v0/queries/7b6436b0c98f6238_px4_acro_roll_0_paramse298f3d3f5_Hboundary_roll_Hscale_0p6_M0_hover_no_input_repeat0/raw_log.ulg,,
77ddc9e0aa4f00eb_px4_acro_roll_0_paramse298f3d3f5_Hboundary_roll_Hscale_0p6_Msmall_small_step_roll_repeat0,Hboundary_roll_Hscale_0p6_Msmall_small_step_roll_repeat0,small_step_roll,roll,True,roll,,0.65,1.0,0.25,2.5,0.2,True,safe,True,False,,1781006771.727,1781006771.931,0.3490658700466156,0.11695825268205187,0.3350606940358644,0.33268121593782574,0.0,0.0,False,False,runs/mantis_Hboundary_px4_seed0_v0/queries/77ddc9e0aa4f00eb_px4_acro_roll_0_paramse298f3d3f5_Hboundary_roll_Hscale_0p6_Msmall_small_step_roll_repeat0/raw_log.ulg,True,True
0535b6bad6bfc1e8_px4_acro_roll_0_paramse298f3d3f5_Hboundary_roll_Hscale_0p6_Mstrong_P0_pulse_train_A0p9_repeat3_repeat0,Hboundary_roll_Hscale_0p6_Mstrong_P0_pulse_train_A0p9_repeat3_repeat0,pulse_train_A0p9_repeat3,roll,True,roll,,0.65,1.0,0.25,2.5,0.2,True,safe,True,False,,1781006810.451,1781006811.859,0.6344526506641804,0.2724270987401467,0.4293891726277049,0.8931800127029419,0.0,0.0,False,False,runs/mantis_Hboundary_px4_seed0_v0/queries/0535b6bad6bfc1e8_px4_acro_roll_0_paramse298f3d3f5_Hboundary_roll_Hscale_0p6_Mstrong_P0_pulse_train_A0p9_repeat3_repeat0/raw_log.ulg,True,True
0535b6bad6bfc1e8_px4_acro_roll_0_paramse298f3d3f5_Hboundary_roll_Hscale_0p6_Mstrong_P0_pulse_train_A0p7_repeat3_repeat0,Hboundary_roll_Hscale_0p6_Mstrong_P0_pulse_train_A0p7_repeat3_repeat0,pulse_train_A0p7_repeat3,roll,True,roll,,0.65,1.0,0.25,2.5,0.2,True,safe,True,False,,1781006848.946,1781006850.342,0.6170670778667238,0.26816283596607005,0.4345764756939257,0.9033740758895874,0.0,0.0,False,False,runs/mantis_Hboundary_px4_seed0_v0/queries/0535b6bad6bfc1e8_px4_acro_roll_0_paramse298f3d3f5_Hboundary_roll_Hscale_0p6_Mstrong_P0_pulse_train_A0p7_repeat3_repeat0/raw_log.ulg,True,True
0535b6bad6bfc1e8_px4_acro_roll_0_paramse298f3d3f5_Hboundary_roll_Hscale_0p6_Mstrong_P0_pulse_train_A1p0_repeat3_repeat0,Hboundary_roll_Hscale_0p6_Mstrong_P0_pulse_train_A1p0_repeat3_repeat0,pulse_train_A1p0_repeat3,roll,True,roll,,0.65,1.0,0.25,2.5,0.2,True,safe,True,False,,1781006887.363,1781006888.963,0.6759631160828028,0.3006647461157733,0.44479460337735804,0.889317125082016,0.0,0.0,False,False,runs/mantis_Hboundary_px4_seed0_v0/queries/0535b6bad6bfc1e8_px4_acro_roll_0_paramse298f3d3f5_Hboundary_roll_Hscale_0p6_Mstrong_P0_pulse_train_A1p0_repeat3_repeat0/raw_log.ulg,True,True
1a893b15d861806e_px4_acro_roll_0_paramse298f3d3f5_Hboundary_roll_Hscale_0p6_Mstrong_P0_reversal_A0p9_fast_repeat0,Hboundary_roll_Hscale_0p6_Mstrong_P0_reversal_A0p9_fast_repeat0,reversal_A0p9_fast,roll,True,roll,,0.65,1.0,0.25,2.5,0.2,True,safe,True,False,,1781006926.806,1781006928.838,1.064402819254319,0.2424247081993315,0.22775654462204944,0.8941413760185242,0.0,0.0,False,False,runs/mantis_Hboundary_px4_seed0_v0/queries/1a893b15d861806e_px4_acro_roll_0_paramse298f3d3f5_Hboundary_roll_Hscale_0p6_Mstrong_P0_reversal_A0p9_fast_repeat0/raw_log.ulg,True,True
7b6436b0c98f6238_px4_stabilized_pitch_0_params8a0e7f383b_Hboundary_pitch_Hscale_0p55_M0_hover_no_input_repeat0,Hboundary_pitch_Hscale_0p55_M0_hover_no_input_repeat0,hover_no_input,pitch,True,pitch,,0.65,1.0,0.25,2.5,0.2,False,safe,True,False,,1781006889.309,1781006889.309,0.0,0.0,0.0,0.0,0.0,0.0,False,False,runs/mantis_Hboundary_px4_seed0_v0/queries/7b6436b0c98f6238_px4_stabilized_pitch_0_params8a0e7f383b_Hboundary_pitch_Hscale_0p55_M0_hover_no_input_repeat0/raw_log.ulg,,
8534bb1a14ed0591_px4_stabilized_pitch_0_params8a0e7f383b_Hboundary_pitch_Hscale_0p55_Msmall_small_step_pitch_repeat0,Hboundary_pitch_Hscale_0p55_Msmall_small_step_pitch_repeat0,small_step_pitch,pitch,True,pitch,,0.65,1.0,0.25,2.5,0.2,True,safe,True,False,,1781007003.163,1781007003.363,0.5079695106767989,0.31735651471262843,0.6247550454156096,0.7535079792141914,0.0,0.0,False,False,runs/mantis_Hboundary_px4_seed0_v0/queries/8534bb1a14ed0591_px4_stabilized_pitch_0_params8a0e7f383b_Hboundary_pitch_Hscale_0p55_Msmall_small_step_pitch_repeat0/raw_log.ulg,True,True
f6e2f9116e805112_px4_stabilized_pitch_0_params8a0e7f383b_Hboundary_pitch_Hscale_0p55_Mstrong_P0_pulse_train_A0p7_repeat3_repeat0,Hboundary_pitch_Hscale_0p55_Mstrong_P0_pulse_train_A0p7_repeat3_repeat0,pulse_train_A0p7_repeat3,pitch,True,pitch,,0.65,1.0,0.25,2.5,0.2,True,safe,True,False,,1781007041.913,1781007043.109,1.0003383912099941,0.7278519385845381,0.7276057232034646,2.3941747546195984,0.2199997901916504,0.2199997901916504,True,False,runs/mantis_Hboundary_px4_seed0_v0/queries/f6e2f9116e805112_px4_stabilized_pitch_0_params8a0e7f383b_Hboundary_pitch_Hscale_0p55_Mstrong_P0_pulse_train_A0p7_repeat3_repeat0/raw_log.ulg,True,True
f6e2f9116e805112_px4_stabilized_pitch_0_params8a0e7f383b_Hboundary_pitch_Hscale_0p55_Mstrong_P0_pulse_train_A1p0_repeat3_repeat0,Hboundary_pitch_Hscale_0p55_Mstrong_P0_pulse_train_A1p0_repeat3_repeat0,pulse_train_A1p0_repeat3,pitch,True,pitch,,0.65,1.0,0.25,2.5,0.2,True,safe,True,False,,1781007080.38,1781007081.568,0.9594058637004429,0.7629184909479358,0.7951989036270298,2.4048701524734497,0.16000008583068848,0.16000008583068848,True,False,runs/mantis_Hboundary_px4_seed0_v0/queries/f6e2f9116e805112_px4_stabilized_pitch_0_params8a0e7f383b_Hboundary_pitch_Hscale_0p55_Mstrong_P0_pulse_train_A1p0_repeat3_repeat0/raw_log.ulg,True,True
1c2d1caedf9d81b3_px4_stabilized_pitch_0_params8a0e7f383b_Hboundary_pitch_Hscale_0p55_Mstrong_P0_strong_doublet_A0p9_hold2_repeat0,Hboundary_pitch_Hscale_0p55_Mstrong_P0_strong_doublet_A0p9_hold2_repeat0,strong_doublet_A0p9_hold2,pitch,True,pitch,,0.65,1.0,0.25,2.5,0.2,True,safe,True,False,,1781007125.981,1781007127.577,0.8124293377314351,0.5087339674227337,0.6261885727111764,1.8863330986350775,0.07599997520446777,0.07599997520446777,True,False,runs/mantis_Hboundary_px4_seed0_v0/queries/1c2d1caedf9d81b3_px4_stabilized_pitch_0_params8a0e7f383b_Hboundary_pitch_Hscale_0p55_Mstrong_P0_strong_doublet_A0p9_hold2_repeat0/raw_log.ulg,True,True
f6e2f9116e805112_px4_stabilized_pitch_0_params8a0e7f383b_Hboundary_pitch_Hscale_0p55_Mstrong_P0_pulse_train_A0p9_repeat3_repeat0,Hboundary_pitch_Hscale_0p55_Mstrong_P0_pulse_train_A0p9_repeat3_repeat0,pulse_train_A0p9_repeat3,pitch,True,pitch,,0.65,1.0,0.25,2.5,0.2,True,safe,True,False,,1781007180.421,1781007182.229,0.8511919991844038,0.6203495832276952,0.7288010035598343,2.2317278385162354,0.11999988555908203,0.11999988555908203,True,False,runs/mantis_Hboundary_px4_seed0_v0/queries/f6e2f9116e805112_px4_stabilized_pitch_0_params8a0e7f383b_Hboundary_pitch_Hscale_0p55_Mstrong_P0_pulse_train_A0p9_repeat3_repeat0/raw_log.ulg,True,True
7b6436b0c98f6238_px4_acro_roll_0_paramsac7a7cb0ee_Hboundary_roll_Hscale_0p55_M0_hover_no_input_repeat0,Hboundary_roll_Hscale_0p55_M0_hover_no_input_repeat0,hover_no_input,roll,True,roll,,0.65,1.0,0.25,2.5,0.2,True,safe,True,False,,1781007134.948,1781007136.808,0.06907133883865904,0.06912214274024384,0.27648857096097534,0.19150721305049956,0.0,0.0,False,False,runs/mantis_Hboundary_px4_seed0_v0/queries/7b6436b0c98f6238_px4_acro_roll_0_paramsac7a7cb0ee_Hboundary_roll_Hscale_0p55_M0_hover_no_input_repeat0/raw_log.ulg,True,True
77ddc9e0aa4f00eb_px4_acro_roll_0_paramsac7a7cb0ee_Hboundary_roll_Hscale_0p55_Msmall_small_step_roll_repeat0,Hboundary_roll_Hscale_0p55_Msmall_small_step_roll_repeat0,small_step_roll,roll,True,roll,,0.65,1.0,0.25,2.5,0.2,True,safe,True,False,,1781007260.517,1781007260.717,0.3490658700466156,0.010181526526930015,0.02916792330791416,0.01852559380587443,0.0,0.0,False,False,runs/mantis_Hboundary_px4_seed0_v0/queries/77ddc9e0aa4f00eb_px4_acro_roll_0_paramsac7a7cb0ee_Hboundary_roll_Hscale_0p55_Msmall_small_step_roll_repeat0/raw_log.ulg,True,True
0535b6bad6bfc1e8_px4_acro_roll_0_paramsac7a7cb0ee_Hboundary_roll_Hscale_0p55_Mstrong_P0_pulse_train_A0p9_repeat3_repeat0,Hboundary_roll_Hscale_0p55_Mstrong_P0_pulse_train_A0p9_repeat3_repeat0,pulse_train_A0p9_repeat3,roll,True,roll,,0.65,1.0,0.25,2.5,0.2,True,safe,True,False,,1781007297.402,1781007299.41,0.661303291034876,0.25769926902128815,0.38968393551771624,0.8938755167965422,0.0,0.0,False,False,runs/mantis_Hboundary_px4_seed0_v0/queries/0535b6bad6bfc1e8_px4_acro_roll_0_paramsac7a7cb0ee_Hboundary_roll_Hscale_0p55_Mstrong_P0_pulse_train_A0p9_repeat3_repeat0/raw_log.ulg,True,True
0535b6bad6bfc1e8_px4_acro_roll_0_paramsac7a7cb0ee_Hboundary_roll_Hscale_0p55_Mstrong_P0_pulse_train_A0p7_repeat3_repeat0,Hboundary_roll_Hscale_0p55_Mstrong_P0_pulse_train_A0p7_repeat3_repeat0,pulse_train_A0p7_repeat3,roll,True,roll,,0.65,1.0,0.25,2.5,0.2,True,safe,True,False,,1781007347.746,1781007349.546,0.6205240633350508,0.2160078073544095,0.3481054484711844,0.8827152168378234,0.0,0.0,False,False,runs/mantis_Hboundary_px4_seed0_v0/queries/0535b6bad6bfc1e8_px4_acro_roll_0_paramsac7a7cb0ee_Hboundary_roll_Hscale_0p55_Mstrong_P0_pulse_train_A0p7_repeat3_repeat0/raw_log.ulg,True,True
0535b6bad6bfc1e8_px4_acro_roll_0_paramsac7a7cb0ee_Hboundary_roll_Hscale_0p55_Mstrong_P0_pulse_train_A1p0_repeat3_repeat0,Hboundary_roll_Hscale_0p55_Mstrong_P0_pulse_train_A1p0_repeat3_repeat0,pulse_train_A1p0_repeat3,roll,True,roll,,0.65,1.0,0.25,2.5,0.2,True,safe,True,False,,1781007374.846,1781007376.642,0.6439085019673367,0.20384350654745362,0.3165721619215301,0.8776347044622526,0.0,0.0,False,False,runs/mantis_Hboundary_px4_seed0_v0/queries/0535b6bad6bfc1e8_px4_acro_roll_0_paramsac7a7cb0ee_Hboundary_roll_Hscale_0p55_Mstrong_P0_pulse_train_A1p0_repeat3_repeat0/raw_log.ulg,True,True
1a893b15d861806e_px4_acro_roll_0_paramsac7a7cb0ee_Hboundary_roll_Hscale_0p55_Mstrong_P0_reversal_A0p9_fast_repeat0,Hboundary_roll_Hscale_0p55_Mstrong_P0_reversal_A0p9_fast_repeat0,reversal_A0p9_fast,roll,True,roll,,0.65,1.0,0.25,2.5,0.2,True,safe,True,False,,1781007414.48,1781007417.092,1.0580333637082715,0.22231424826484436,0.21012026264054792,0.8981624245643616,0.0,0.0,False,False,runs/mantis_Hboundary_px4_seed0_v0/queries/1a893b15d861806e_px4_acro_roll_0_paramsac7a7cb0ee_Hboundary_roll_Hscale_0p55_Mstrong_P0_reversal_A0p9_fast_repeat0/raw_log.ulg,True,True
7b6436b0c98f6238_px4_stabilized_pitch_0_params4a9afdea90_Hboundary_pitch_Hscale_0p5_M0_hover_no_input_repeat0,Hboundary_pitch_Hscale_0p5_M0_hover_no_input_repeat0,hover_no_input,pitch,True,pitch,,0.65,1.0,0.25,2.5,0.2,False,safe,True,False,,,,0.0,0.0,0.0,0.0,0.0,0.0,False,False,runs/mantis_Hboundary_px4_seed0_v0/queries/7b6436b0c98f6238_px4_stabilized_pitch_0_params4a9afdea90_Hboundary_pitch_Hscale_0p5_M0_hover_no_input_repeat0/raw_log.ulg,,
8534bb1a14ed0591_px4_stabilized_pitch_0_params4a9afdea90_Hboundary_pitch_Hscale_0p5_Msmall_small_step_pitch_repeat0,Hboundary_pitch_Hscale_0p5_Msmall_small_step_pitch_repeat0,small_step_pitch,pitch,True,pitch,,0.65,1.0,0.25,2.5,0.2,True,safe,True,False,,1781007489.111,1781007489.315,0.5325373052997194,0.36221900847761884,0.6801758390874737,0.7914253252092749,0.0,0.0,False,False,runs/mantis_Hboundary_px4_seed0_v0/queries/8534bb1a14ed0591_px4_stabilized_pitch_0_params4a9afdea90_Hboundary_pitch_Hscale_0p5_Msmall_small_step_pitch_repeat0/raw_log.ulg,True,True
f6e2f9116e805112_px4_stabilized_pitch_0_params4a9afdea90_Hboundary_pitch_Hscale_0p5_Mstrong_P0_pulse_train_A0p7_repeat3_repeat0,Hboundary_pitch_Hscale_0p5_Mstrong_P0_pulse_train_A0p7_repeat3_repeat0,pulse_train_A0p7_repeat3,pitch,True,pitch,,0.65,1.0,0.25,2.5,0.2,True,safe,True,False,,1781007528.389,1781007530.377,0.8437091121413228,0.6005006687068781,0.711738986891839,2.156236320734024,0.20400023460388184,0.20400023460388184,True,False,runs/mantis_Hboundary_px4_seed0_v0/queries/f6e2f9116e805112_px4_stabilized_pitch_0_params4a9afdea90_Hboundary_pitch_Hscale_0p5_Mstrong_P0_pulse_train_A0p7_repeat3_repeat0/raw_log.ulg,True,True
f6e2f9116e805112_px4_stabilized_pitch_0_params4a9afdea90_Hboundary_pitch_Hscale_0p5_Mstrong_P0_pulse_train_A1p0_repeat3_repeat0,Hboundary_pitch_Hscale_0p5_Mstrong_P0_pulse_train_A1p0_repeat3_repeat0,pulse_train_A1p0_repeat3,pitch,True,pitch,,0.65,1.0,0.25,2.5,0.2,True,safe,True,False,,1781007566.98,1781007568.768,0.8792200427070876,0.5455059951370697,0.6204430843699558,1.9195033237338066,0.09599995613098145,0.09599995613098145,True,False,runs/mantis_Hboundary_px4_seed0_v0/queries/f6e2f9116e805112_px4_stabilized_pitch_0_params4a9afdea90_Hboundary_pitch_Hscale_0p5_Mstrong_P0_pulse_train_A1p0_repeat3_repeat0/raw_log.ulg,True,True
1c2d1caedf9d81b3_px4_stabilized_pitch_0_params4a9afdea90_Hboundary_pitch_Hscale_0p5_Mstrong_P0_strong_doublet_A0p9_hold2_repeat0,Hboundary_pitch_Hscale_0p5_Mstrong_P0_strong_doublet_A0p9_hold2_repeat0,strong_doublet_A0p9_hold2,pitch,True,pitch,,0.65,1.0,0.25,2.5,0.2,True,safe,True,False,,1781007602.436,1781007603.836,0.8356850847646148,0.5646328122582802,0.6756526143066426,2.1289631724357605,0.07999992370605469,0.07999992370605469,True,False,runs/mantis_Hboundary_px4_seed0_v0/queries/1c2d1caedf9d81b3_px4_stabilized_pitch_0_params4a9afdea90_Hboundary_pitch_Hscale_0p5_Mstrong_P0_strong_doublet_A0p9_hold2_repeat0/raw_log.ulg,True,True
f6e2f9116e805112_px4_stabilized_pitch_0_params4a9afdea90_Hboundary_pitch_Hscale_0p5_Mstrong_P0_pulse_train_A0p9_repeat3_repeat0,Hboundary_pitch_Hscale_0p5_Mstrong_P0_pulse_train_A0p9_repeat3_repeat0,pulse_train_A0p9_repeat3,pitch,True,pitch,,0.65,1.0,0.25,2.5,0.2,True,safe,True,False,,1781007651.528,1781007653.324,0.8770282120432572,0.6305369510081056,0.7189471699423575,2.1212420910596848,0.11600017547607422,0.11600017547607422,True,False,runs/mantis_Hboundary_px4_seed0_v0/queries/f6e2f9116e805112_px4_stabilized_pitch_0_params4a9afdea90_Hboundary_pitch_Hscale_0p5_Mstrong_P0_pulse_train_A0p9_repeat3_repeat0/raw_log.ulg,True,True
7b6436b0c98f6238_px4_acro_roll_0_params75415c9760_Hboundary_roll_Hscale_0p5_M0_hover_no_input_repeat0,Hboundary_roll_Hscale_0p5_M0_hover_no_input_repeat0,hover_no_input,roll,True,roll,,0.65,1.0,0.25,2.5,0.2,True,safe,True,False,,1781007586.815,1781007589.735,0.04137134253805719,0.04456381704918871,0.17825526819675483,0.15343151918932563,0.0,0.0,False,False,runs/mantis_Hboundary_px4_seed0_v0/queries/7b6436b0c98f6238_px4_acro_roll_0_params75415c9760_Hboundary_roll_Hscale_0p5_M0_hover_no_input_repeat0/raw_log.ulg,True,True
77ddc9e0aa4f00eb_px4_acro_roll_0_params75415c9760_Hboundary_roll_Hscale_0p5_Msmall_small_step_roll_repeat0,Hboundary_roll_Hscale_0p5_Msmall_small_step_roll_repeat0,small_step_roll,roll,True,roll,,0.65,1.0,0.25,2.5,0.2,True,safe,True,False,,1781007721.45,1781007721.658,0.3490658700466156,0.0274022894560886,0.07850177232288334,0.07204347848892212,0.0,0.0,False,False,runs/mantis_Hboundary_px4_seed0_v0/queries/77ddc9e0aa4f00eb_px4_acro_roll_0_params75415c9760_Hboundary_roll_Hscale_0p5_Msmall_small_step_roll_repeat0/raw_log.ulg,True,True
0535b6bad6bfc1e8_px4_acro_roll_0_params75415c9760_Hboundary_roll_Hscale_0p5_Mstrong_P0_pulse_train_A0p9_repeat3_repeat0,Hboundary_roll_Hscale_0p5_Mstrong_P0_pulse_train_A0p9_repeat3_repeat0,pulse_train_A0p9_repeat3,roll,True,roll,,0.65,1.0,0.25,2.5,0.2,True,safe,True,False,,1781007771.868,1781007773.652,0.663327177300125,0.25151220788837747,0.3791676513422573,0.8818834910796441,0.0,0.0,False,False,runs/mantis_Hboundary_px4_seed0_v0/queries/0535b6bad6bfc1e8_px4_acro_roll_0_params75415c9760_Hboundary_roll_Hscale_0p5_Mstrong_P0_pulse_train_A0p9_repeat3_repeat0/raw_log.ulg,True,True
0535b6bad6bfc1e8_px4_acro_roll_0_params75415c9760_Hboundary_roll_Hscale_0p5_Mstrong_P0_pulse_train_A0p7_repeat3_repeat0,Hboundary_roll_Hscale_0p5_Mstrong_P0_pulse_train_A0p7_repeat3_repeat0,pulse_train_A0p7_repeat3,roll,True,roll,,0.65,1.0,0.25,2.5,0.2,True,safe,True,False,,1781007809.192,1781007811.176,0.6679497222663171,0.23611101061744388,0.353486202249373,0.8924125670942638,0.0,0.0,False,False,runs/mantis_Hboundary_px4_seed0_v0/queries/0535b6bad6bfc1e8_px4_acro_roll_0_params75415c9760_Hboundary_roll_Hscale_0p5_Mstrong_P0_pulse_train_A0p7_repeat3_repeat0/raw_log.ulg,True,True
0535b6bad6bfc1e8_px4_acro_roll_0_params75415c9760_Hboundary_roll_Hscale_0p5_Mstrong_P0_pulse_train_A1p0_repeat3_repeat0,Hboundary_roll_Hscale_0p5_Mstrong_P0_pulse_train_A1p0_repeat3_repeat0,pulse_train_A1p0_repeat3,roll,True,roll,,0.65,1.0,0.25,2.5,0.2,True,safe,True,False,,1781007839.375,1781007841.171,0.6569180687614254,0.20833534110867472,0.3171405248473023,0.8826884757727385,0.0,0.0,False,False,runs/mantis_Hboundary_px4_seed0_v0/queries/0535b6bad6bfc1e8_px4_acro_roll_0_params75415c9760_Hboundary_roll_Hscale_0p5_Mstrong_P0_pulse_train_A1p0_repeat3_repeat0/raw_log.ulg,True,True
1a893b15d861806e_px4_acro_roll_0_params75415c9760_Hboundary_roll_Hscale_0p5_Mstrong_P0_reversal_A0p9_fast_repeat0,Hboundary_roll_Hscale_0p5_Mstrong_P0_reversal_A0p9_fast_repeat0,reversal_A0p9_fast,roll,True,roll,,0.65,1.0,0.25,2.5,0.2,True,safe,True,False,,1781007877.514,1781007880.31,1.0560305234890908,0.21059934229379265,0.1994254309979405,0.8999609351158142,0.0,0.0,False,False,runs/mantis_Hboundary_px4_seed0_v0/queries/1a893b15d861806e_px4_acro_roll_0_params75415c9760_Hboundary_roll_Hscale_0p5_Mstrong_P0_reversal_A0p9_fast_repeat0/raw_log.ulg,True,True
7b6436b0c98f6238_px4_stabilized_pitch_0_params3f245aaa37_Hstar_boundary_pitch_att_p_x2_x2_M0_hover_no_input_repeat0,Hstar_boundary_pitch_att_p_x2_x2_M0_hover_no_input_repeat0,hover_no_input,pitch,True,pitch,,0.65,1.0,0.25,2.5,0.2,True,safe,True,False,,1781007820.233,1781007823.393,0.04059865138634643,0.043474309056123844,0.17389723622449538,0.14041711576282978,0.0,0.0,False,False,runs/mantis_Hboundary_px4_seed0_v0/queries/7b6436b0c98f6238_px4_stabilized_pitch_0_params3f245aaa37_Hstar_boundary_pitch_att_p_x2_x2_M0_hover_no_input_repeat0/raw_log.ulg,True,True
8534bb1a14ed0591_px4_stabilized_pitch_0_params3f245aaa37_Hstar_boundary_pitch_att_p_x2_x2_Msmall_small_step_pitch_repeat0,Hstar_boundary_pitch_att_p_x2_x2_Msmall_small_step_pitch_repeat0,small_step_pitch,pitch,True,pitch,,0.65,1.0,0.25,2.5,0.2,False,safe,True,False,,1781007954.33,1781007954.33,0.0,0.0,0.0,0.0,0.0,0.0,False,False,runs/mantis_Hboundary_px4_seed0_v0/queries/8534bb1a14ed0591_px4_stabilized_pitch_0_params3f245aaa37_Hstar_boundary_pitch_att_p_x2_x2_Msmall_small_step_pitch_repeat0/raw_log.ulg,,
7b6436b0c98f6238_px4_stabilized_pitch_0_params649cbb3284_Hstar_boundary_pitch_rate_d_high_x2p5_M0_hover_no_input_repeat0,Hstar_boundary_pitch_rate_d_high_x2p5_M0_hover_no_input_repeat0,hover_no_input,pitch,True,pitch,,0.65,1.0,0.25,2.5,0.2,True,safe,True,False,,1781007898.772,1781008004.636,0.06206590980543425,0.9269246283062177,3.7076985132248708,1.7493357472121716,44.94799876213074,44.94799876213074,True,False,runs/mantis_Hboundary_px4_seed0_v0/queries/7b6436b0c98f6238_px4_stabilized_pitch_0_params649cbb3284_Hstar_boundary_pitch_rate_d_high_x2p5_M0_hover_no_input_repeat0/raw_log.ulg,True,True
8534bb1a14ed0591_px4_stabilized_pitch_0_params649cbb3284_Hstar_boundary_pitch_rate_d_high_x2p5_Msmall_small_step_pitch_repeat0,Hstar_boundary_pitch_rate_d_high_x2p5_Msmall_small_step_pitch_repeat0,small_step_pitch,pitch,True,pitch,,0.65,1.0,0.25,2.5,0.2,True,safe,True,False,,1781008030.143,1781008030.347,0.5403339884194025,1.121376179851972,2.075338964206652,1.6556397080421448,0.12400007247924805,0.12400007247924805,True,False,runs/mantis_Hboundary_px4_seed0_v0/queries/8534bb1a14ed0591_px4_stabilized_pitch_0_params649cbb3284_Hstar_boundary_pitch_rate_d_high_x2p5_Msmall_small_step_pitch_repeat0/raw_log.ulg,True,True
7b6436b0c98f6238_px4_stabilized_pitch_0_params8a851a0422_Hstar_boundary_pitch_rate_d_high_x1p75_M0_hover_no_input_repeat0,Hstar_boundary_pitch_rate_d_high_x1p75_M0_hover_no_input_repeat0,hover_no_input,pitch,True,pitch,,0.65,1.0,0.25,2.5,0.2,True,safe,True,False,,1781007976.086,1781008079.746,0.06419707229589898,1.1540024704480523,4.616009881792209,1.7110918499529362,58.43199968338013,58.41599988937378,True,False,runs/mantis_Hboundary_px4_seed0_v0/queries/7b6436b0c98f6238_px4_stabilized_pitch_0_params8a851a0422_Hstar_boundary_pitch_rate_d_high_x1p75_M0_hover_no_input_repeat0/raw_log.ulg,True,True
8534bb1a14ed0591_px4_stabilized_pitch_0_params8a851a0422_Hstar_boundary_pitch_rate_d_high_x1p75_Msmall_small_step_pitch_repeat0,Hstar_boundary_pitch_rate_d_high_x1p75_Msmall_small_step_pitch_repeat0,small_step_pitch,pitch,True,pitch,,0.65,1.0,0.25,2.5,0.2,True,safe,True,False,,1781008105.936,1781008106.14,0.4927939969217893,1.2115567072914006,2.4585459945927166,1.8029325157403946,0.07999992370605469,0.07999992370605469,True,False,runs/mantis_Hboundary_px4_seed0_v0/queries/8534bb1a14ed0591_px4_stabilized_pitch_0_params8a851a0422_Hstar_boundary_pitch_rate_d_high_x1p75_Msmall_small_step_pitch_repeat0/raw_log.ulg,True,True
7b6436b0c98f6238_px4_stabilized_pitch_0_params8d3514824c_Hstar_boundary_pitch_rate_d_high_x1p375_M0_hover_no_input_repeat0,Hstar_boundary_pitch_rate_d_high_x1p375_M0_hover_no_input_repeat0,hover_no_input,pitch,True,pitch,,0.65,1.0,0.25,2.5,0.2,True,safe,True,False,,1781008048.778,1781008160.578,0.062301113845735785,1.0598781698536248,4.239512679414499,1.6641506403684616,57.69599676132202,57.69599676132202,True,False,runs/mantis_Hboundary_px4_seed0_v0/queries/7b6436b0c98f6238_px4_stabilized_pitch_0_params8d3514824c_Hstar_boundary_pitch_rate_d_high_x1p375_M0_hover_no_input_repeat0/raw_log.ulg,True,True
8534bb1a14ed0591_px4_stabilized_pitch_0_params8d3514824c_Hstar_boundary_pitch_rate_d_high_x1p375_Msmall_small_step_pitch_repeat0,Hstar_boundary_pitch_rate_d_high_x1p375_Msmall_small_step_pitch_repeat0,small_step_pitch,pitch,True,pitch,,0.65,1.0,0.25,2.5,0.2,True,safe,True,False,,1781008180.233,1781008180.433,0.46325319577588947,1.0378068836678986,2.240258444261147,1.641479104757309,0.059999942779541016,0.059999942779541016,True,False,runs/mantis_Hboundary_px4_seed0_v0/queries/8534bb1a14ed0591_px4_stabilized_pitch_0_params8d3514824c_Hstar_boundary_pitch_rate_d_high_x1p375_Msmall_small_step_pitch_repeat0/raw_log.ulg,True,True
7b6436b0c98f6238_px4_stabilized_pitch_0_params24c6f030c6_Hstar_boundary_pitch_rate_d_high_x1p188_M0_hover_no_input_repeat0,Hstar_boundary_pitch_rate_d_high_x1p188_M0_hover_no_input_repeat0,hover_no_input,pitch,True,pitch,,0.65,1.0,0.25,2.5,0.2,False,safe,True,False,,1781008123.943,1781008123.943,0.0,0.0,0.0,0.0,0.0,0.0,False,False,runs/mantis_Hboundary_px4_seed0_v0/queries/7b6436b0c98f6238_px4_stabilized_pitch_0_params24c6f030c6_Hstar_boundary_pitch_rate_d_high_x1p188_M0_hover_no_input_repeat0/raw_log.ulg,,
8534bb1a14ed0591_px4_stabilized_pitch_0_params24c6f030c6_Hstar_boundary_pitch_rate_d_high_x1p188_Msmall_small_step_pitch_repeat0,Hstar_boundary_pitch_rate_d_high_x1p188_Msmall_small_step_pitch_repeat0,small_step_pitch,pitch,True,pitch,,0.65,1.0,0.25,2.5,0.2,True,safe,True,False,,1781008258.525,1781008258.725,0.2826974045765062,0.23063901175935,0.815851182308723,0.3383636623620987,0.0,0.0,False,False,runs/mantis_Hboundary_px4_seed0_v0/queries/8534bb1a14ed0591_px4_stabilized_pitch_0_params24c6f030c6_Hstar_boundary_pitch_rate_d_high_x1p188_Msmall_small_step_pitch_repeat0/raw_log.ulg,True,True
7b6436b0c98f6238_px4_stabilized_pitch_0_paramse1e46917db_Hstar_boundary_pitch_rate_i_x3_M0_hover_no_input_repeat0,Hstar_boundary_pitch_rate_i_x3_M0_hover_no_input_repeat0,hover_no_input,pitch,True,pitch,,0.65,1.0,0.25,2.5,0.2,True,safe,True,False,,1781008200.993,1781008203.993,0.01942638387103187,0.022877994859120333,0.09151197943648133,0.09942185040563345,0.0,0.0,False,False,runs/mantis_Hboundary_px4_seed0_v0/queries/7b6436b0c98f6238_px4_stabilized_pitch_0_paramse1e46917db_Hstar_boundary_pitch_rate_i_x3_M0_hover_no_input_repeat0/raw_log.ulg,True,True
8534bb1a14ed0591_px4_stabilized_pitch_0_paramse1e46917db_Hstar_boundary_pitch_rate_i_x3_Msmall_small_step_pitch_repeat0,Hstar_boundary_pitch_rate_i_x3_Msmall_small_step_pitch_repeat0,small_step_pitch,pitch,True,pitch,,0.65,1.0,0.25,2.5,0.2,True,safe,True,False,,1781008332.613,1781008332.829,0.46338401576712057,0.2721057683147658,0.5872144032942128,0.5875594466924667,0.0,0.0,False,False,runs/mantis_Hboundary_px4_seed0_v0/queries/8534bb1a14ed0591_px4_stabilized_pitch_0_paramse1e46917db_Hstar_boundary_pitch_rate_i_x3_Msmall_small_step_pitch_repeat0/raw_log.ulg,True,True
7b6436b0c98f6238_px4_stabilized_pitch_0_params94b5513b8a_Hstar_boundary_pitch_rate_d_low_x0p35_M0_hover_no_input_repeat0,Hstar_boundary_pitch_rate_d_low_x0p35_M0_hover_no_input_repeat0,hover_no_input,pitch,True,pitch,,0.65,1.0,0.25,2.5,0.2,False,safe,True,False,,,,0.0,0.0,0.0,0.0,0.0,0.0,False,False,runs/mantis_Hboundary_px4_seed0_v0/queries/7b6436b0c98f6238_px4_stabilized_pitch_0_params94b5513b8a_Hstar_boundary_pitch_rate_d_low_x0p35_M0_hover_no_input_repeat0/raw_log.ulg,,
8534bb1a14ed0591_px4_stabilized_pitch_0_params94b5513b8a_Hstar_boundary_pitch_rate_d_low_x0p35_Msmall_small_step_pitch_repeat0,Hstar_boundary_pitch_rate_d_low_x0p35_Msmall_small_step_pitch_repeat0,small_step_pitch,pitch,True,pitch,,0.65,1.0,0.25,2.5,0.2,True,safe,True,False,,1781008408.998,1781008409.198,0.29160426807461176,0.08957740440324512,0.3071882486312761,0.21291258931159973,0.0,0.0,False,False,runs/mantis_Hboundary_px4_seed0_v0/queries/8534bb1a14ed0591_px4_stabilized_pitch_0_params94b5513b8a_Hstar_boundary_pitch_rate_d_low_x0p35_Msmall_small_step_pitch_repeat0/raw_log.ulg,True,True
7b6436b0c98f6238_px4_acro_roll_0_paramse8544f757b_Hstar_boundary_roll_rate_p_x3_M0_hover_no_input_repeat0,Hstar_boundary_roll_rate_p_x3_M0_hover_no_input_repeat0,hover_no_input,roll,True,roll,,0.65,1.0,0.25,2.5,0.2,True,safe,True,False,,1781008351.458,1781008365.474,0.15847075964124568,1.277651088561782,5.110604354247128,2.244127795100212,7.284000635147095,7.284000635147095,True,False,runs/mantis_Hboundary_px4_seed0_v0/queries/7b6436b0c98f6238_px4_acro_roll_0_paramse8544f757b_Hstar_boundary_roll_rate_p_x3_M0_hover_no_input_repeat0/raw_log.ulg,True,True
77ddc9e0aa4f00eb_px4_acro_roll_0_paramse8544f757b_Hstar_boundary_roll_rate_p_x3_Msmall_small_step_roll_repeat0,Hstar_boundary_roll_rate_p_x3_Msmall_small_step_roll_repeat0,small_step_roll,roll,True,roll,,0.65,1.0,0.25,2.5,0.2,True,safe,True,False,,1781008483.787,1781008483.967,0.3490658700466156,1.2810944750700781,3.670065122376461,1.892737239599228,0.10800027847290039,0.10800027847290039,True,False,runs/mantis_Hboundary_px4_seed0_v0/queries/77ddc9e0aa4f00eb_px4_acro_roll_0_paramse8544f757b_Hstar_boundary_roll_rate_p_x3_Msmall_small_step_roll_repeat0/raw_log.ulg,True,True
7b6436b0c98f6238_px4_acro_roll_0_paramse8544f757b_Hstar_boundary_roll_rate_p_x2_M0_hover_no_input_repeat0,Hstar_boundary_roll_rate_p_x2_M0_hover_no_input_repeat0,hover_no_input,roll,True,roll,,0.65,1.0,0.25,2.5,0.2,True,safe,True,False,,1781008428.453,1781008442.233,0.16043940779121726,1.2376187255995885,4.950474902398354,2.2198501378297806,6.4760003089904785,6.4760003089904785,True,False,runs/mantis_Hboundary_px4_seed0_v0/queries/7b6436b0c98f6238_px4_acro_roll_0_paramse8544f757b_Hstar_boundary_roll_rate_p_x2_M0_hover_no_input_repeat0/raw_log.ulg,True,True
77ddc9e0aa4f00eb_px4_acro_roll_0_paramse8544f757b_Hstar_boundary_roll_rate_p_x2_Msmall_small_step_roll_repeat0,Hstar_boundary_roll_rate_p_x2_Msmall_small_step_roll_repeat0,small_step_roll,roll,True,roll,,0.65,1.0,0.25,2.5,0.2,True,safe,True,False,,1781008557.824,1781008558.016,0.3490658700466156,1.1909444398564302,3.41180430987821,1.638361245393753,0.11599993705749512,0.11599993705749512,True,False,runs/mantis_Hboundary_px4_seed0_v0/queries/77ddc9e0aa4f00eb_px4_acro_roll_0_paramse8544f757b_Hstar_boundary_roll_rate_p_x2_Msmall_small_step_roll_repeat0/raw_log.ulg,True,True
7b6436b0c98f6238_px4_acro_roll_0_params056274a843_Hstar_boundary_roll_rate_p_x1p5_M0_hover_no_input_repeat0,Hstar_boundary_roll_rate_p_x1p5_M0_hover_no_input_repeat0,hover_no_input,roll,True,roll,,0.65,1.0,0.25,2.5,0.2,True,safe,True,False,,1781008501.132,1781008502.452,0.045463943374956364,0.04626929370072673,0.18507717480290692,0.12212559836916625,0.0,0.0,False,False,runs/mantis_Hboundary_px4_seed0_v0/queries/7b6436b0c98f6238_px4_acro_roll_0_params056274a843_Hstar_boundary_roll_rate_p_x1p5_M0_hover_no_input_repeat0/raw_log.ulg,True,True
77ddc9e0aa4f00eb_px4_acro_roll_0_params056274a843_Hstar_boundary_roll_rate_p_x1p5_Msmall_small_step_roll_repeat0,Hstar_boundary_roll_rate_p_x1p5_Msmall_small_step_roll_repeat0,small_step_roll,roll,True,roll,,0.65,1.0,0.25,2.5,0.2,True,safe,True,False,,1781008634.055,1781008634.255,0.3490658700466156,0.08347211569367159,0.23912998335392802,0.13582901159922284,0.0,0.0,False,False,runs/mantis_Hboundary_px4_seed0_v0/queries/77ddc9e0aa4f00eb_px4_acro_roll_0_params056274a843_Hstar_boundary_roll_rate_p_x1p5_Msmall_small_step_roll_repeat0/raw_log.ulg,True,True
7b6436b0c98f6238_px4_acro_roll_0_paramse8544f757b_Hstar_boundary_roll_rate_p_x1p75_M0_hover_no_input_repeat0,Hstar_boundary_roll_rate_p_x1p75_M0_hover_no_input_repeat0,hover_no_input,roll,True,roll,,0.65,1.0,0.25,2.5,0.2,True,safe,True,False,,1781008576.297,1781008589.641,0.16283287891999093,1.2575979371546577,5.030391748618631,2.283636152744293,6.4720001220703125,6.4720001220703125,True,False,runs/mantis_Hboundary_px4_seed0_v0/queries/7b6436b0c98f6238_px4_acro_roll_0_paramse8544f757b_Hstar_boundary_roll_rate_p_x1p75_M0_hover_no_input_repeat0/raw_log.ulg,True,True
77ddc9e0aa4f00eb_px4_acro_roll_0_paramse8544f757b_Hstar_boundary_roll_rate_p_x1p75_Msmall_small_step_roll_repeat0,Hstar_boundary_roll_rate_p_x1p75_Msmall_small_step_roll_repeat0,small_step_roll,roll,True,roll,,0.65,1.0,0.25,2.5,0.2,True,safe,True,False,,1781008709.419,1781008709.627,0.3490658700466156,1.1196479182782757,3.207554832355147,1.6484444439411163,0.06800007820129395,0.06800007820129395,True,False,runs/mantis_Hboundary_px4_seed0_v0/queries/77ddc9e0aa4f00eb_px4_acro_roll_0_paramse8544f757b_Hstar_boundary_roll_rate_p_x1p75_Msmall_small_step_roll_repeat0/raw_log.ulg,True,True
7b6436b0c98f6238_px4_acro_roll_0_params582ac041fa_Hstar_boundary_roll_att_p_boundary_rate_p_x1p5_M0_hover_no_input_repeat0,Hstar_boundary_roll_att_p_boundary_rate_p_x1p5_M0_hover_no_input_repeat0,hover_no_input,roll,True,roll,,0.65,1.0,0.25,2.5,0.2,True,safe,True,False,,1781008653.118,1781008653.138,0.08111559751423289,0.08384973596617222,0.3353989438646889,0.08800582960247993,0.0,0.0,False,False,runs/mantis_Hboundary_px4_seed0_v0/queries/7b6436b0c98f6238_px4_acro_roll_0_params582ac041fa_Hstar_boundary_roll_att_p_boundary_rate_p_x1p5_M0_hover_no_input_repeat0/raw_log.ulg,True,True
77ddc9e0aa4f00eb_px4_acro_roll_0_params582ac041fa_Hstar_boundary_roll_att_p_boundary_rate_p_x1p5_Msmall_small_step_roll_repeat0,Hstar_boundary_roll_att_p_boundary_rate_p_x1p5_Msmall_small_step_roll_repeat0,small_step_roll,roll,True,roll,,0.65,1.0,0.25,2.5,0.2,True,safe,True,False,,1781008798.871,1781008799.059,0.3490658700466156,0.12648091314525675,0.3623411052142279,0.23794129490852356,0.0,0.0,False,False,runs/mantis_Hboundary_px4_seed0_v0/queries/77ddc9e0aa4f00eb_px4_acro_roll_0_params582ac041fa_Hstar_boundary_roll_att_p_boundary_rate_p_x1p5_Msmall_small_step_roll_repeat0/raw_log.ulg,True,True
7b6436b0c98f6238_px4_acro_roll_0_params8afd77d9a9_Hstar_boundary_roll_rate_p_boundary_low_d_x1p5_M0_hover_no_input_repeat0,Hstar_boundary_roll_rate_p_boundary_low_d_x1p5_M0_hover_no_input_repeat0,hover_no_input,roll,True,roll,,0.65,1.0,0.25,2.5,0.2,True,safe,True,False,,1781008731.236,1781008734.336,0.040431319837724244,0.045741282173987576,0.1829651286959503,0.19612021511420608,0.0,0.0,False,False,runs/mantis_Hboundary_px4_seed0_v0/queries/7b6436b0c98f6238_px4_acro_roll_0_params8afd77d9a9_Hstar_boundary_roll_rate_p_boundary_low_d_x1p5_M0_hover_no_input_repeat0/raw_log.ulg,True,True
77ddc9e0aa4f00eb_px4_acro_roll_0_params8afd77d9a9_Hstar_boundary_roll_rate_p_boundary_low_d_x1p5_Msmall_small_step_roll_repeat0,Hstar_boundary_roll_rate_p_boundary_low_d_x1p5_Msmall_small_step_roll_repeat0,small_step_roll,roll,True,roll,,0.65,1.0,0.25,2.5,0.2,True,safe,True,False,,1781008863.453,1781008863.653,0.3490658700466156,0.12305143890026747,0.3525163857578935,0.2094985544681549,0.0,0.0,False,False,runs/mantis_Hboundary_px4_seed0_v0/queries/77ddc9e0aa4f00eb_px4_acro_roll_0_params8afd77d9a9_Hstar_boundary_roll_rate_p_boundary_low_d_x1p5_Msmall_small_step_roll_repeat0/raw_log.ulg,True,True
7b6436b0c98f6238_px4_acro_roll_0_params5eee5d437e_Hstar_boundary_roll_rate_p_boundary_high_i_x1p5_M0_hover_no_input_repeat0,Hstar_boundary_roll_rate_p_boundary_high_i_x1p5_M0_hover_no_input_repeat0,hover_no_input,roll,True,roll,,0.65,1.0,0.25,2.5,0.2,True,safe,True,False,,1781008808.058,1781008811.138,0.044675992871449084,0.0477580421318329,0.1910321685273316,0.173449801355553,0.0,0.0,False,False,runs/mantis_Hboundary_px4_seed0_v0/queries/7b6436b0c98f6238_px4_acro_roll_0_params5eee5d437e_Hstar_boundary_roll_rate_p_boundary_high_i_x1p5_M0_hover_no_input_repeat0/raw_log.ulg,True,True
77ddc9e0aa4f00eb_px4_acro_roll_0_params5eee5d437e_Hstar_boundary_roll_rate_p_boundary_high_i_x1p5_Msmall_small_step_roll_repeat0,Hstar_boundary_roll_rate_p_boundary_high_i_x1p5_Msmall_small_step_roll_repeat0,small_step_roll,roll,True,roll,,0.65,1.0,0.25,2.5,0.2,True,safe,True,False,,1781008940.309,1781008940.497,0.3490658700466156,0.11655472956092867,0.333904685512117,0.1656072437763214,0.0,0.0,False,False,runs/mantis_Hboundary_px4_seed0_v0/queries/77ddc9e0aa4f00eb_px4_acro_roll_0_params5eee5d437e_Hstar_boundary_roll_rate_p_boundary_high_i_x1p5_Msmall_small_step_roll_repeat0/raw_log.ulg,True,True
f6e2f9116e805112_px4_stabilized_pitch_0_params24c6f030c6_Hstar_witness_pitch_rate_d_high_x1p188_pulse_train_A0p7_repeat3_pulse_train_A0p7_repeat3_repeat0,Hstar_witness_pitch_rate_d_high_x1p188_pulse_train_A0p7_repeat3_pulse_train_A0p7_repeat3_repeat0,pulse_train_A0p7_repeat3,pitch,True,pitch,0.711738986891839,0.65,1.0,0.25,2.5,0.2,True,safe,True,False,,1781008978.855,1781008980.663,0.9475463952755667,0.6912515771243452,0.7295173941570581,2.524858772754669,0.15999984741210938,0.15999984741210938,True,False,runs/mantis_Hboundary_px4_seed0_v0/queries/f6e2f9116e805112_px4_stabilized_pitch_0_params24c6f030c6_Hstar_witness_pitch_rate_d_high_x1p188_pulse_train_A0p7_repeat3_pulse_train_A0p7_repeat3_repeat0/raw_log.ulg,True,True
f6e2f9116e805112_px4_stabilized_pitch_0_params24c6f030c6_Hstar_witness_pitch_rate_d_high_x1p188_pulse_train_A1p0_repeat3_pulse_train_A1p0_repeat3_repeat0,Hstar_witness_pitch_rate_d_high_x1p188_pulse_train_A1p0_repeat3_pulse_train_A1p0_repeat3_repeat0,pulse_train_A1p0_repeat3,pitch,True,pitch,0.6204430843699558,0.65,1.0,0.25,2.5,0.2,True,safe,True,False,,1781009027.928,1781009029.528,0.9117978120456308,0.6415216540428464,0.7035788478188864,2.0029437243938446,0.15999984741210938,0.15999984741210938,True,False,runs/mantis_Hboundary_px4_seed0_v0/queries/f6e2f9116e805112_px4_stabilized_pitch_0_params24c6f030c6_Hstar_witness_pitch_rate_d_high_x1p188_pulse_train_A1p0_repeat3_pulse_train_A1p0_repeat3_repeat0/raw_log.ulg,True,True
1c2d1caedf9d81b3_px4_stabilized_pitch_0_params24c6f030c6_Hstar_witness_pitch_rate_d_high_x1p188_strong_doublet_A0p9_hold2_strong_doublet_A0p9_hold2_repeat0,Hstar_witness_pitch_rate_d_high_x1p188_strong_doublet_A0p9_hold2_strong_doublet_A0p9_hold2_repeat0,strong_doublet_A0p9_hold2,pitch,True,pitch,0.6756526143066426,0.65,1.0,0.25,2.5,0.2,True,safe,True,False,,1781009058.229,1781009059.817,0.8722008250285583,0.7790793502765557,0.8932339065960485,2.484072268009186,0.29600024223327637,0.29600024223327637,True,False,runs/mantis_Hboundary_px4_seed0_v0/queries/1c2d1caedf9d81b3_px4_stabilized_pitch_0_params24c6f030c6_Hstar_witness_pitch_rate_d_high_x1p188_strong_doublet_A0p9_hold2_strong_doublet_A0p9_hold2_repeat0/raw_log.ulg,True,True
f6e2f9116e805112_px4_stabilized_pitch_0_params24c6f030c6_Hstar_witness_pitch_rate_d_high_x1p188_pulse_train_A0p9_repeat3_pulse_train_A0p9_repeat3_repeat0,Hstar_witness_pitch_rate_d_high_x1p188_pulse_train_A0p9_repeat3_pulse_train_A0p9_repeat3_repeat0,pulse_train_A0p9_repeat3,pitch,True,pitch,0.7189471699423575,0.65,1.0,0.25,2.5,0.2,True,safe,True,False,,1781009095.776,1781009097.572,0.9477613108177403,0.6049048775233855,0.638246012597271,2.2199317713578544,0.16000008583068848,0.16000008583068848,True,False,runs/mantis_Hboundary_px4_seed0_v0/queries/f6e2f9116e805112_px4_stabilized_pitch_0_params24c6f030c6_Hstar_witness_pitch_rate_d_high_x1p188_pulse_train_A0p9_repeat3_pulse_train_A0p9_repeat3_repeat0/raw_log.ulg,True,True
f6e2f9116e805112_px4_stabilized_pitch_0_paramse1e46917db_Hstar_witness_pitch_rate_i_x3_pulse_train_A0p7_repeat3_pulse_train_A0p7_repeat3_repeat0,Hstar_witness_pitch_rate_i_x3_pulse_train_A0p7_repeat3_pulse_train_A0p7_repeat3_repeat0,pulse_train_A0p7_repeat3,pitch,True,pitch,0.711738986891839,0.65,1.0,0.25,2.5,0.2,True,safe,True,False,,1781009134.406,1781009136.206,0.8636196789047277,0.6350951604144842,0.7353875507097452,2.082148239016533,0.15999984741210938,0.15999984741210938,True,False,runs/mantis_Hboundary_px4_seed0_v0/queries/f6e2f9116e805112_px4_stabilized_pitch_0_paramse1e46917db_Hstar_witness_pitch_rate_i_x3_pulse_train_A0p7_repeat3_pulse_train_A0p7_repeat3_repeat0/raw_log.ulg,True,True
f6e2f9116e805112_px4_stabilized_pitch_0_paramse1e46917db_Hstar_witness_pitch_rate_i_x3_pulse_train_A1p0_repeat3_pulse_train_A1p0_repeat3_repeat0,Hstar_witness_pitch_rate_i_x3_pulse_train_A1p0_repeat3_pulse_train_A1p0_repeat3_repeat0,pulse_train_A1p0_repeat3,pitch,True,pitch,0.6204430843699558,0.65,1.0,0.25,2.5,0.2,True,safe,True,False,,1781009171.695,1781009173.495,0.8594262768214463,0.6081107440594674,0.7075775554693774,2.107285276055336,0.14400005340576172,0.14400005340576172,True,False,runs/mantis_Hboundary_px4_seed0_v0/queries/f6e2f9116e805112_px4_stabilized_pitch_0_paramse1e46917db_Hstar_witness_pitch_rate_i_x3_pulse_train_A1p0_repeat3_pulse_train_A1p0_repeat3_repeat0/raw_log.ulg,True,True
1c2d1caedf9d81b3_px4_stabilized_pitch_0_paramse1e46917db_Hstar_witness_pitch_rate_i_x3_strong_doublet_A0p9_hold2_strong_doublet_A0p9_hold2_repeat0,Hstar_witness_pitch_rate_i_x3_strong_doublet_A0p9_hold2_strong_doublet_A0p9_hold2_repeat0,strong_doublet_A0p9_hold2,pitch,True,pitch,0.6756526143066426,0.65,1.0,0.25,2.5,0.2,True,safe,True,False,,1781009210.748,1781009212.144,0.8847645505505161,0.6164833011128575,0.6967766743471704,1.9813075810670853,0.15999984741210938,0.15999984741210938,True,False,runs/mantis_Hboundary_px4_seed0_v0/queries/1c2d1caedf9d81b3_px4_stabilized_pitch_0_paramse1e46917db_Hstar_witness_pitch_rate_i_x3_strong_doublet_A0p9_hold2_strong_doublet_A0p9_hold2_repeat0/raw_log.ulg,True,True
f6e2f9116e805112_px4_stabilized_pitch_0_paramse1e46917db_Hstar_witness_pitch_rate_i_x3_pulse_train_A0p9_repeat3_pulse_train_A0p9_repeat3_repeat0,Hstar_witness_pitch_rate_i_x3_pulse_train_A0p9_repeat3_pulse_train_A0p9_repeat3_repeat0,pulse_train_A0p9_repeat3,pitch,True,pitch,0.7189471699423575,0.65,1.0,0.25,2.5,0.2,True,safe,True,False,,1781009246.693,1781009248.697,0.9006891274132232,0.6252760729372507,0.694219630176998,2.133066341280937,0.2199995517730713,0.2199995517730713,True,False,runs/mantis_Hboundary_px4_seed0_v0/queries/f6e2f9116e805112_px4_stabilized_pitch_0_paramse1e46917db_Hstar_witness_pitch_rate_i_x3_pulse_train_A0p9_repeat3_pulse_train_A0p9_repeat3_repeat0/raw_log.ulg,True,True
f6e2f9116e805112_px4_stabilized_pitch_0_params94b5513b8a_Hstar_witness_pitch_rate_d_low_x0p35_pulse_train_A0p7_repeat3_pulse_train_A0p7_repeat3_repeat0,Hstar_witness_pitch_rate_d_low_x0p35_pulse_train_A0p7_repeat3_pulse_train_A0p7_repeat3_repeat0,pulse_train_A0p7_repeat3,pitch,True,pitch,0.711738986891839,0.65,1.0,0.25,2.5,0.2,True,safe,True,False,,1781009295.041,1781009296.645,0.9454128950985554,0.5705356996030428,0.6034778058993651,1.9998123731417075,0.1400001049041748,0.1400001049041748,True,False,runs/mantis_Hboundary_px4_seed0_v0/queries/f6e2f9116e805112_px4_stabilized_pitch_0_params94b5513b8a_Hstar_witness_pitch_rate_d_low_x0p35_pulse_train_A0p7_repeat3_pulse_train_A0p7_repeat3_repeat0/raw_log.ulg,True,True
f6e2f9116e805112_px4_stabilized_pitch_0_params94b5513b8a_Hstar_witness_pitch_rate_d_low_x0p35_pulse_train_A1p0_repeat3_pulse_train_A1p0_repeat3_repeat0,Hstar_witness_pitch_rate_d_low_x0p35_pulse_train_A1p0_repeat3_pulse_train_A1p0_repeat3_repeat0,pulse_train_A1p0_repeat3,pitch,True,pitch,0.6204430843699558,0.65,1.0,0.25,2.5,0.2,True,safe,True,False,,1781009339.232,1781009341.232,0.9078791123185352,0.6357391785642679,0.7002465085254816,2.0034062706936564,0.303999662399292,0.303999662399292,True,False,runs/mantis_Hboundary_px4_seed0_v0/queries/f6e2f9116e805112_px4_stabilized_pitch_0_params94b5513b8a_Hstar_witness_pitch_rate_d_low_x0p35_pulse_train_A1p0_repeat3_pulse_train_A1p0_repeat3_repeat0/raw_log.ulg,True,True
1c2d1caedf9d81b3_px4_stabilized_pitch_0_params94b5513b8a_Hstar_witness_pitch_rate_d_low_x0p35_strong_doublet_A0p9_hold2_strong_doublet_A0p9_hold2_repeat0,Hstar_witness_pitch_rate_d_low_x0p35_strong_doublet_A0p9_hold2_strong_doublet_A0p9_hold2_repeat0,strong_doublet_A0p9_hold2,pitch,True,pitch,0.6756526143066426,0.65,1.0,0.25,2.5,0.2,True,safe,True,False,,1781009368.225,1781009369.829,0.8094472879951368,0.5376490793354066,0.6642175312824532,1.9658053636938442,0.15199995040893555,0.15199995040893555,True,False,runs/mantis_Hboundary_px4_seed0_v0/queries/1c2d1caedf9d81b3_px4_stabilized_pitch_0_params94b5513b8a_Hstar_witness_pitch_rate_d_low_x0p35_strong_doublet_A0p9_hold2_strong_doublet_A0p9_hold2_repeat0/raw_log.ulg,True,True
f6e2f9116e805112_px4_stabilized_pitch_0_params94b5513b8a_Hstar_witness_pitch_rate_d_low_x0p35_pulse_train_A0p9_repeat3_pulse_train_A0p9_repeat3_repeat0,Hstar_witness_pitch_rate_d_low_x0p35_pulse_train_A0p9_repeat3_pulse_train_A0p9_repeat3_repeat0,pulse_train_A0p9_repeat3,pitch,True,pitch,0.7189471699423575,0.65,1.0,0.25,2.5,0.2,True,safe,True,False,,1781009408.198,1781009409.998,0.9459837252562487,0.6691616369108341,0.7073711936530104,1.9999760501086712,0.2800002098083496,0.2800002098083496,True,False,runs/mantis_Hboundary_px4_seed0_v0/queries/f6e2f9116e805112_px4_stabilized_pitch_0_params94b5513b8a_Hstar_witness_pitch_rate_d_low_x0p35_pulse_train_A0p9_repeat3_pulse_train_A0p9_repeat3_repeat0/raw_log.ulg,True,True
0535b6bad6bfc1e8_px4_acro_roll_0_params582ac041fa_Hstar_witness_roll_att_p_boundary_rate_p_x1p5_pulse_train_A0p9_repeat3_pulse_train_A0p9_repeat3_repeat0,Hstar_witness_roll_att_p_boundary_rate_p_x1p5_pulse_train_A0p9_repeat3_pulse_train_A0p9_repeat3_repeat0,pulse_train_A0p9_repeat3,roll,True,roll,0.3791676513422573,0.65,1.0,0.25,2.5,0.2,True,safe,True,False,,1781009444.539,1781009446.147,0.6397887635626314,0.3616366627096067,0.5652438481348926,1.0730775448341978,0.0280001163482666,0.0280001163482666,True,False,runs/mantis_Hboundary_px4_seed0_v0/queries/0535b6bad6bfc1e8_px4_acro_roll_0_params582ac041fa_Hstar_witness_roll_att_p_boundary_rate_p_x1p5_pulse_train_A0p9_repeat3_pulse_train_A0p9_repeat3_repeat0/raw_log.ulg,True,True
0535b6bad6bfc1e8_px4_acro_roll_0_params582ac041fa_Hstar_witness_roll_att_p_boundary_rate_p_x1p5_pulse_train_A0p7_repeat3_pulse_train_A0p7_repeat3_repeat0,Hstar_witness_roll_att_p_boundary_rate_p_x1p5_pulse_train_A0p7_repeat3_pulse_train_A0p7_repeat3_repeat0,pulse_train_A0p7_repeat3,roll,True,roll,0.353486202249373,0.65,1.0,0.25,2.5,0.2,True,safe,True,False,,1781009483.287,1781009484.891,0.6132461923498446,0.345737212202523,0.5637820772726249,1.0636285543441772,0.011999845504760742,0.011999845504760742,True,False,runs/mantis_Hboundary_px4_seed0_v0/queries/0535b6bad6bfc1e8_px4_acro_roll_0_params582ac041fa_Hstar_witness_roll_att_p_boundary_rate_p_x1p5_pulse_train_A0p7_repeat3_pulse_train_A0p7_repeat3_repeat0/raw_log.ulg,True,True
0535b6bad6bfc1e8_px4_acro_roll_0_params582ac041fa_Hstar_witness_roll_att_p_boundary_rate_p_x1p5_pulse_train_A1p0_repeat3_pulse_train_A1p0_repeat3_repeat0,Hstar_witness_roll_att_p_boundary_rate_p_x1p5_pulse_train_A1p0_repeat3_pulse_train_A1p0_repeat3_repeat0,pulse_train_A1p0_repeat3,roll,True,roll,0.3171405248473023,0.65,1.0,0.25,2.5,0.2,True,safe,True,False,,1781009520.477,1781009522.289,0.6569180687614254,0.36823055717630454,0.5605425922757435,1.067501539985339,0.03600001335144043,0.03600001335144043,True,False,runs/mantis_Hboundary_px4_seed0_v0/queries/0535b6bad6bfc1e8_px4_acro_roll_0_params582ac041fa_Hstar_witness_roll_att_p_boundary_rate_p_x1p5_pulse_train_A1p0_repeat3_pulse_train_A1p0_repeat3_repeat0/raw_log.ulg,True,True
1a893b15d861806e_px4_acro_roll_0_params582ac041fa_Hstar_witness_roll_att_p_boundary_rate_p_x1p5_reversal_A0p9_fast_reversal_A0p9_fast_repeat0,Hstar_witness_roll_att_p_boundary_rate_p_x1p5_reversal_A0p9_fast_reversal_A0p9_fast_repeat0,reversal_A0p9_fast,roll,True,roll,0.1994254309979405,0.65,1.0,0.25,2.5,0.2,True,safe,True,False,,1781009560.393,1781009563.001,1.032736752264828,0.34057752155449433,0.32978154482020305,0.9223237633705139,0.0,0.0,False,False,runs/mantis_Hboundary_px4_seed0_v0/queries/1a893b15d861806e_px4_acro_roll_0_params582ac041fa_Hstar_witness_roll_att_p_boundary_rate_p_x1p5_reversal_A0p9_fast_reversal_A0p9_fast_repeat0/raw_log.ulg,True,True
0535b6bad6bfc1e8_px4_acro_roll_0_params5eee5d437e_Hstar_witness_roll_rate_p_boundary_high_i_x1p5_pulse_train_A0p9_repeat3_pulse_train_A0p9_repeat3_repeat0,Hstar_witness_roll_rate_p_boundary_high_i_x1p5_pulse_train_A0p9_repeat3_pulse_train_A0p9_repeat3_repeat0,pulse_train_A0p9_repeat3,roll,True,roll,0.3791676513422573,0.65,1.0,0.25,2.5,0.2,True,safe,True,False,,1781009596.917,1781009599.125,0.6604216566431363,0.30765296152909694,0.4658432358091786,0.997371147283231,0.0,0.0,False,False,runs/mantis_Hboundary_px4_seed0_v0/queries/0535b6bad6bfc1e8_px4_acro_roll_0_params5eee5d437e_Hstar_witness_roll_rate_p_boundary_high_i_x1p5_pulse_train_A0p9_repeat3_pulse_train_A0p9_repeat3_repeat0/raw_log.ulg,True,True
0535b6bad6bfc1e8_px4_acro_roll_0_params5eee5d437e_Hstar_witness_roll_rate_p_boundary_high_i_x1p5_pulse_train_A0p7_repeat3_pulse_train_A0p7_repeat3_repeat0,Hstar_witness_roll_rate_p_boundary_high_i_x1p5_pulse_train_A0p7_repeat3_pulse_train_A0p7_repeat3_repeat0,pulse_train_A0p7_repeat3,roll,True,roll,0.353486202249373,0.65,1.0,0.25,2.5,0.2,True,safe,True,False,,1781009634.273,1781009636.089,0.6439085019673367,0.4015930886000067,0.6236803635501277,1.203170895576477,0.031999826431274414,0.031999826431274414,True,False,runs/mantis_Hboundary_px4_seed0_v0/queries/0535b6bad6bfc1e8_px4_acro_roll_0_params5eee5d437e_Hstar_witness_roll_rate_p_boundary_high_i_x1p5_pulse_train_A0p7_repeat3_pulse_train_A0p7_repeat3_repeat0/raw_log.ulg,True,True
0535b6bad6bfc1e8_px4_acro_roll_0_params5eee5d437e_Hstar_witness_roll_rate_p_boundary_high_i_x1p5_pulse_train_A1p0_repeat3_pulse_train_A1p0_repeat3_repeat0,Hstar_witness_roll_rate_p_boundary_high_i_x1p5_pulse_train_A1p0_repeat3_pulse_train_A1p0_repeat3_repeat0,pulse_train_A1p0_repeat3,roll,True,roll,0.3171405248473023,0.65,1.0,0.25,2.5,0.2,True,safe,True,False,,1781009670.725,1781009672.525,0.6759631160828028,0.36847477715401045,0.5451107736311366,1.1687335351134611,0.032000064849853516,0.032000064849853516,True,False,runs/mantis_Hboundary_px4_seed0_v0/queries/0535b6bad6bfc1e8_px4_acro_roll_0_params5eee5d437e_Hstar_witness_roll_rate_p_boundary_high_i_x1p5_pulse_train_A1p0_repeat3_pulse_train_A1p0_repeat3_repeat0/raw_log.ulg,True,True
1a893b15d861806e_px4_acro_roll_0_params5eee5d437e_Hstar_witness_roll_rate_p_boundary_high_i_x1p5_reversal_A0p9_fast_reversal_A0p9_fast_repeat0,Hstar_witness_roll_rate_p_boundary_high_i_x1p5_reversal_A0p9_fast_reversal_A0p9_fast_repeat0,reversal_A0p9_fast,roll,True,roll,0.1994254309979405,0.65,1.0,0.25,2.5,0.2,True,safe,True,False,,1781009712.346,1781009714.93,1.0539689438908044,0.34041500650789674,0.32298390619673245,1.0609143376350403,0.04400014877319336,0.04400014877319336,True,False,runs/mantis_Hboundary_px4_seed0_v0/queries/1a893b15d861806e_px4_acro_roll_0_params5eee5d437e_Hstar_witness_roll_rate_p_boundary_high_i_x1p5_reversal_A0p9_fast_reversal_A0p9_fast_repeat0/raw_log.ulg,True,True
0535b6bad6bfc1e8_px4_acro_roll_0_params8afd77d9a9_Hstar_witness_roll_rate_p_boundary_low_d_x1p5_pulse_train_A0p9_repeat3_pulse_train_A0p9_repeat3_repeat0,Hstar_witness_roll_rate_p_boundary_low_d_x1p5_pulse_train_A0p9_repeat3_pulse_train_A0p9_repeat3_repeat0,pulse_train_A0p9_repeat3,roll,True,roll,0.3791676513422573,0.65,1.0,0.25,2.5,0.2,True,safe,True,False,,1781009761.008,1781009762.812,0.6569180687614254,0.40108748865424854,0.6105593798180523,1.0394831597805023,0.019999980926513672,0.019999980926513672,True,False,runs/mantis_Hboundary_px4_seed0_v0/queries/0535b6bad6bfc1e8_px4_acro_roll_0_params8afd77d9a9_Hstar_witness_roll_rate_p_boundary_low_d_x1p5_pulse_train_A0p9_repeat3_pulse_train_A0p9_repeat3_repeat0/raw_log.ulg,True,True
0535b6bad6bfc1e8_px4_acro_roll_0_params8afd77d9a9_Hstar_witness_roll_rate_p_boundary_low_d_x1p5_pulse_train_A0p7_repeat3_pulse_train_A0p7_repeat3_repeat0,Hstar_witness_roll_rate_p_boundary_low_d_x1p5_pulse_train_A0p7_repeat3_pulse_train_A0p7_repeat3_repeat0,pulse_train_A0p7_repeat3,roll,True,roll,0.353486202249373,0.65,1.0,0.25,2.5,0.2,True,safe,True,False,,1781009802.229,1781009804.229,0.653042412112272,0.3303128239381216,0.5058060821344231,0.9894970059394836,0.0,0.0,False,False,runs/mantis_Hboundary_px4_seed0_v0/queries/0535b6bad6bfc1e8_px4_acro_roll_0_params8afd77d9a9_Hstar_witness_roll_rate_p_boundary_low_d_x1p5_pulse_train_A0p7_repeat3_pulse_train_A0p7_repeat3_repeat0/raw_log.ulg,True,True
0535b6bad6bfc1e8_px4_acro_roll_0_params8afd77d9a9_Hstar_witness_roll_rate_p_boundary_low_d_x1p5_pulse_train_A1p0_repeat3_pulse_train_A1p0_repeat3_repeat0,Hstar_witness_roll_rate_p_boundary_low_d_x1p5_pulse_train_A1p0_repeat3_pulse_train_A1p0_repeat3_repeat0,pulse_train_A1p0_repeat3,roll,True,roll,0.3171405248473023,0.65,1.0,0.25,2.5,0.2,True,safe,True,False,,1781009829.545,1781009831.345,0.6605983108275567,0.35837246721401045,0.5424967962225995,1.0048783620198567,0.019999980926513672,0.019999980926513672,True,False,runs/mantis_Hboundary_px4_seed0_v0/queries/0535b6bad6bfc1e8_px4_acro_roll_0_params8afd77d9a9_Hstar_witness_roll_rate_p_boundary_low_d_x1p5_pulse_train_A1p0_repeat3_pulse_train_A1p0_repeat3_repeat0/raw_log.ulg,True,True
1a893b15d861806e_px4_acro_roll_0_params8afd77d9a9_Hstar_witness_roll_rate_p_boundary_low_d_x1p5_reversal_A0p9_fast_reversal_A0p9_fast_repeat0,Hstar_witness_roll_rate_p_boundary_low_d_x1p5_reversal_A0p9_fast_reversal_A0p9_fast_repeat0,reversal_A0p9_fast,roll,True,roll,0.1994254309979405,0.65,1.0,0.25,2.5,0.2,True,safe,True,False,,1781009869.013,1781009871.417,1.0684746838076065,0.3239486354931796,0.3031879373489311,0.8522377610206604,0.0,0.0,False,False,runs/mantis_Hboundary_px4_seed0_v0/queries/1a893b15d861806e_px4_acro_roll_0_params8afd77d9a9_Hstar_witness_roll_rate_p_boundary_low_d_x1p5_reversal_A0p9_fast_reversal_A0p9_fast_repeat0/raw_log.ulg,True,True
